2026-04-18 17:14:35,285 [INFO] Activator:176 - 


2026-04-18 17:14:35,285 [INFO] Activator:177 - !SESSION log4j initialized
2026-04-18 17:14:37,115 [INFO] LogOutputStream:77 - [STDOUT_REDIRECT] 
2026-04-18 17:14:44,303 [INFO] ApplicationProperties:184 - Using Application install path: D:\STM32CubeIDE_1.17.0\STM32CubeIDE\plugins\com.st.stm32cube.common.mx_6.13.0.202411220809
2026-04-18 17:14:44,317 [INFO] DbMcusXml:78 - Set database path to: D:\STM32CubeIDE_1.17.0\STM32CubeIDE\plugins\com.st.stm32cube.common.mx_6.13.0.202411220809\\db\/mcu/
2026-04-18 17:14:44,317 [INFO] ApiDb:274 - Set plugin database path to: D:\STM32CubeIDE_1.17.0\STM32CubeIDE\plugins\com.st.stm32cube.common.mx_6.13.0.202411220809\\db\/plugins/boardmanager/
2026-04-18 17:14:44,317 [WARN] ApiDb:259 - Overriding images path with different value:  => D:\STM32CubeIDE_1.17.0\STM32CubeIDE\plugins\com.st.stm32cube.common.mx_6.13.0.202411220809\\db\/plugins/mcufinder/images/
2026-04-18 17:14:44,321 [INFO] ApiDb:250 - Set database path to: C:\Users\1\.stmcufinder\plugins\mcufinder//mcu/
2026-04-18 17:14:44,321 [INFO] DbMcusAds:125 - Set database path to: C:\Users\1\.stmcufinder\plugins\mcufinder//mcu/
2026-04-18 17:14:44,323 [INFO] CrossReferenceDbSqlite:203 - Set database path to: C:\Users\1\.stmcufinder\plugins\mcufinder//mcu/cs/
2026-04-18 17:14:44,413 [INFO] RulesReader:64 - Compatibility file has been processed (297 Rules)
2026-04-18 17:14:44,470 [INFO] DbMcusXml:78 - Set database path to: D:\STM32CubeIDE_1.17.0\STM32CubeIDE\plugins\com.st.stm32cube.common.mx_6.13.0.202411220809\\db\/mcu/
2026-04-18 17:14:44,470 [INFO] ApiDb:274 - Set plugin database path to: D:\STM32CubeIDE_1.17.0\STM32CubeIDE\plugins\com.st.stm32cube.common.mx_6.13.0.202411220809\\db\/plugins/boardmanager/
2026-04-18 17:14:44,471 [INFO] ApiDb:261 - Set plugin images path to: D:\STM32CubeIDE_1.17.0\STM32CubeIDE\plugins\com.st.stm32cube.common.mx_6.13.0.202411220809\\db\/plugins/mcufinder/images/
2026-04-18 17:14:44,471 [WARN] DbFile:41 - Overriding database path with different value: C:\Users\1\.stmcufinder\plugins\mcufinder/ => C:\Users\1\.stmcufinder\plugins\mcufinder
2026-04-18 17:14:44,471 [INFO] ApiDb:250 - Set database path to: C:\Users\1\.stmcufinder\plugins\mcufinder//mcu/
2026-04-18 17:14:44,471 [WARN] DbFile:41 - Overriding database path with different value: C:\Users\1\.stmcufinder\plugins\mcufinder/ => C:\Users\1\.stmcufinder\plugins\mcufinder
2026-04-18 17:14:44,471 [INFO] DbMcusAds:125 - Set database path to: C:\Users\1\.stmcufinder\plugins\mcufinder//mcu/
2026-04-18 17:14:44,471 [WARN] DbFile:41 - Overriding database path with different value: C:\Users\1\.stmcufinder\plugins\mcufinder/ => C:\Users\1\.stmcufinder\plugins\mcufinder
2026-04-18 17:14:44,471 [WARN] DbFile:41 - Overriding database path with different value: C:\Users\1\.stmcufinder\plugins\mcufinder/ => C:\Users\1\.stmcufinder\plugins\mcufinder
2026-04-18 17:14:44,471 [INFO] CrossReferenceDbSqlite:203 - Set database path to: C:\Users\1\.stmcufinder\plugins\mcufinder//mcu/cs/
2026-04-18 17:14:44,522 [INFO] MainPanel:272 - HeapMemory: 268435456
2026-04-18 17:14:44,578 [INFO] DbMcusXml:78 - Set database path to: D:\STM32CubeIDE_1.17.0\STM32CubeIDE\plugins\com.st.stm32cube.common.mx_6.13.0.202411220809\\db\/mcu/
2026-04-18 17:14:44,578 [INFO] ApiDb:274 - Set plugin database path to: D:\STM32CubeIDE_1.17.0\STM32CubeIDE\plugins\com.st.stm32cube.common.mx_6.13.0.202411220809\\db\/plugins/boardmanager/
2026-04-18 17:14:44,578 [INFO] ApiDb:261 - Set plugin images path to: D:\STM32CubeIDE_1.17.0\STM32CubeIDE\plugins\com.st.stm32cube.common.mx_6.13.0.202411220809\\db\/plugins/mcufinder/images/
2026-04-18 17:14:44,578 [WARN] DbFile:41 - Overriding database path with different value: C:\Users\1\.stmcufinder\plugins\mcufinder/ => C:\Users\1\.stmcufinder\plugins\mcufinder
2026-04-18 17:14:44,578 [INFO] ApiDb:250 - Set database path to: C:\Users\1\.stmcufinder\plugins\mcufinder//mcu/
2026-04-18 17:14:44,579 [WARN] DbFile:41 - Overriding database path with different value: C:\Users\1\.stmcufinder\plugins\mcufinder/ => C:\Users\1\.stmcufinder\plugins\mcufinder
2026-04-18 17:14:44,579 [INFO] DbMcusAds:125 - Set database path to: C:\Users\1\.stmcufinder\plugins\mcufinder//mcu/
2026-04-18 17:14:44,579 [WARN] DbFile:41 - Overriding database path with different value: C:\Users\1\.stmcufinder\plugins\mcufinder/ => C:\Users\1\.stmcufinder\plugins\mcufinder
2026-04-18 17:14:44,579 [WARN] DbFile:41 - Overriding database path with different value: C:\Users\1\.stmcufinder\plugins\mcufinder/ => C:\Users\1\.stmcufinder\plugins\mcufinder
2026-04-18 17:14:44,579 [INFO] CrossReferenceDbSqlite:203 - Set database path to: C:\Users\1\.stmcufinder\plugins\mcufinder//mcu/cs/
2026-04-18 17:14:44,592 [INFO] ApplicationProperties:184 - Using Application install path: D:\STM32CubeIDE_1.17.0\STM32CubeIDE\plugins\com.st.stm32cube.common.mx_6.13.0.202411220809
2026-04-18 17:14:44,594 [INFO] PluginManage:196 - Search for loadable plugins [exclusion list=, ]
2026-04-18 17:14:44,595 [INFO] PluginManage:310 - Check plugin analytics
2026-04-18 17:14:50,257 [INFO] AnalyticsPlugin:253 - Accepted Software Licenses: 
2026-04-18 17:14:50,258 [INFO] AnalyticsPlugin:255 - Accepted CMSIS Pack Licenses: 
2026-04-18 17:14:50,258 [INFO] AnalyticsPlugin:257 - Accepted Firmware Licenses: 
2026-04-18 17:14:50,260 [INFO] PluginManage:359 - Loaded plugin analytics (category:tool,tabindex:-1)
2026-04-18 17:14:50,261 [INFO] PluginManage:310 - Check plugin cadmodel
2026-04-18 17:14:50,265 [INFO] CADModel:105 - Init CAD model plugin
2026-04-18 17:14:50,265 [INFO] PluginManage:359 - Loaded plugin cadmodel (category:power,tabindex:5)
2026-04-18 17:14:50,265 [INFO] PluginManage:310 - Check plugin clock
2026-04-18 17:14:50,271 [INFO] PluginManage:359 - Loaded plugin clock (category:base,tabindex:2)
2026-04-18 17:14:50,271 [INFO] PluginManage:310 - Check plugin ddr
2026-04-18 17:14:50,273 [INFO] PluginManage:359 - Loaded plugin ddr (category:tool,tabindex:6)
2026-04-18 17:14:50,273 [INFO] PluginManage:310 - Check plugin filemanager
2026-04-18 17:14:50,431 [INFO] PluginManage:359 - Loaded plugin filemanager (category:base,tabindex:10)
2026-04-18 17:14:50,431 [INFO] PluginManage:310 - Check plugin ipmanager
2026-04-18 17:14:50,439 [INFO] PluginManage:359 - Loaded plugin ipmanager (category:base,tabindex:5)
2026-04-18 17:14:50,439 [INFO] PluginManage:310 - Check plugin lpbam
2026-04-18 17:14:50,445 [INFO] PluginManage:359 - Loaded plugin lpbam (category:base,tabindex:0)
2026-04-18 17:14:50,445 [INFO] PluginManage:310 - Check plugin memorymap
2026-04-18 17:14:50,451 [INFO] PluginManage:359 - Loaded plugin memorymap (category:base,tabindex:4)
2026-04-18 17:14:50,452 [INFO] PluginManage:310 - Check plugin pinoutandconfiguration
2026-04-18 17:14:50,456 [INFO] PluginManage:359 - Loaded plugin pinoutandconfiguration (category:base,tabindex:1)
2026-04-18 17:14:50,456 [INFO] PluginManage:310 - Check plugin pinoutconfig
2026-04-18 17:14:50,510 [WARN] SupportedApi:132 - Cannot load RTOS API schema: s4s-elt-must-match.1: The content of 'definitions' must match (annotation?, (simpleType | complexType)?, (unique | key | keyref)*)). A problem was found starting at: attribute.
2026-04-18 17:14:50,596 [INFO] PluginManage:359 - Loaded plugin pinoutconfig (category:base,tabindex:0)
2026-04-18 17:14:50,596 [INFO] PluginManage:310 - Check plugin power
2026-04-18 17:14:50,600 [INFO] PluginManage:359 - Loaded plugin power (category:power,tabindex:4)
2026-04-18 17:14:50,601 [INFO] PluginManage:310 - Check plugin projectmanager
2026-04-18 17:14:50,611 [INFO] PluginManage:359 - Loaded plugin projectmanager (category:projectmanager,tabindex:4)
2026-04-18 17:14:50,611 [INFO] PluginManage:310 - Check plugin rif
2026-04-18 17:14:50,615 [INFO] PluginManage:359 - Loaded plugin rif (category:base,tabindex:3)
2026-04-18 17:14:50,615 [INFO] PluginManage:310 - Check plugin thirdparty
2026-04-18 17:14:50,697 [INFO] PluginManage:359 - Loaded plugin thirdparty (category:base,tabindex:-1)
2026-04-18 17:14:50,698 [INFO] PluginManage:310 - Check plugin tools
2026-04-18 17:14:50,700 [INFO] PluginManage:359 - Loaded plugin tools (category:base,tabindex:7)
2026-04-18 17:14:50,698 [WARN] IntegrityCheckThread:84 - waiting for thirdparty lock release [integrity check]
2026-04-18 17:14:50,700 [INFO] IntegrityCheckThread:86 - entering critical section [integrity check]
2026-04-18 17:14:50,700 [INFO] PluginManage:310 - Check plugin tutovideos
2026-04-18 17:14:50,701 [INFO] ThirdPartyUpdaterWithRetryManager:70 - Updater plugin not ready yet. [1/15]
2026-04-18 17:14:50,807 [INFO] PluginManage:359 - Loaded plugin tutovideos (category:base,tabindex:-1)
2026-04-18 17:14:50,807 [INFO] PluginManage:310 - Check plugin updater
2026-04-18 17:14:50,821 [INFO] PluginManage:359 - Loaded plugin updater (category:base,tabindex:12)
2026-04-18 17:14:50,821 [INFO] PluginManage:310 - Check plugin userauth
2026-04-18 17:14:50,823 [INFO] UserAuth:118 - Init User Auth plugin
2026-04-18 17:14:50,824 [INFO] PluginManage:359 - Loaded plugin userauth (category:base,tabindex:14)
2026-04-18 17:14:50,824 [INFO] PluginManage:283 - PluginManage : Loaded plugins [18]
2026-04-18 17:14:50,990 [INFO] PinOutPanel:1589 - setPackage(No Configuration,No Configuration)
2026-04-18 17:14:51,042 [INFO] CADModel:165 - CPN selected for project level
2026-04-18 17:14:51,043 [INFO] CADModel:114 - Register for checkConnection events
2026-04-18 17:14:51,052 [INFO] IPUIPlugin:80 - create IPUIPlugin
2026-04-18 17:14:51,052 [INFO] PluginManager:220 - loadIPPluginJar : add adc
2026-04-18 17:14:51,054 [INFO] IPUIPlugin:80 - create IPUIPlugin
2026-04-18 17:14:51,054 [INFO] PluginManager:220 - loadIPPluginJar : add aes
2026-04-18 17:14:51,055 [INFO] IPUIPlugin:80 - create IPUIPlugin
2026-04-18 17:14:51,055 [INFO] PluginManager:220 - loadIPPluginJar : add can
2026-04-18 17:14:51,056 [INFO] IPUIPlugin:80 - create IPUIPlugin
2026-04-18 17:14:51,056 [INFO] PluginManager:220 - loadIPPluginJar : add comp
2026-04-18 17:14:51,058 [INFO] IPUIPlugin:80 - create IPUIPlugin
2026-04-18 17:14:51,058 [INFO] PluginManager:220 - loadIPPluginJar : add cryp
2026-04-18 17:14:51,059 [INFO] IPUIPlugin:80 - create IPUIPlugin
2026-04-18 17:14:51,059 [INFO] PluginManager:220 - loadIPPluginJar : add ddr_ctrl_phy
2026-04-18 17:14:51,060 [INFO] IPUIPlugin:80 - create IPUIPlugin
2026-04-18 17:14:51,061 [INFO] PluginManager:220 - loadIPPluginJar : add dfsdm
2026-04-18 17:14:51,064 [INFO] IPUIPlugin:80 - create IPUIPlugin
2026-04-18 17:14:51,064 [INFO] PluginManager:220 - loadIPPluginJar : add dma
2026-04-18 17:14:51,066 [INFO] IPUIPlugin:80 - create IPUIPlugin
2026-04-18 17:14:51,066 [INFO] PluginManager:220 - loadIPPluginJar : add dma3
2026-04-18 17:14:51,067 [INFO] IPUIPlugin:80 - create IPUIPlugin
2026-04-18 17:14:51,067 [INFO] PluginManager:220 - loadIPPluginJar : add extmemmanager
2026-04-18 17:14:51,068 [INFO] IPUIPlugin:80 - create IPUIPlugin
2026-04-18 17:14:51,068 [INFO] PluginManager:220 - loadIPPluginJar : add fatfs
2026-04-18 17:14:51,071 [INFO] IPUIPlugin:80 - create IPUIPlugin
2026-04-18 17:14:51,071 [INFO] PluginManager:220 - loadIPPluginJar : add fmc
2026-04-18 17:14:51,075 [INFO] IPUIPlugin:80 - create IPUIPlugin
2026-04-18 17:14:51,076 [INFO] PluginManager:220 - loadIPPluginJar : add freertos
2026-04-18 17:14:51,077 [INFO] IPUIPlugin:80 - create IPUIPlugin
2026-04-18 17:14:51,077 [INFO] PluginManager:220 - loadIPPluginJar : add genericplugin
2026-04-18 17:14:51,078 [INFO] IPUIPlugin:80 - create IPUIPlugin
2026-04-18 17:14:51,078 [INFO] PluginManager:220 - loadIPPluginJar : add gfxmmu
2026-04-18 17:14:51,081 [INFO] IPUIPlugin:80 - create IPUIPlugin
2026-04-18 17:14:51,081 [INFO] PluginManager:220 - loadIPPluginJar : add gic
2026-04-18 17:14:51,083 [INFO] IPUIPlugin:80 - create IPUIPlugin
2026-04-18 17:14:51,083 [INFO] PluginManager:220 - loadIPPluginJar : add gpio
2026-04-18 17:14:51,085 [INFO] IPUIPlugin:80 - create IPUIPlugin
2026-04-18 17:14:51,085 [INFO] PluginManager:220 - loadIPPluginJar : add gtzc
2026-04-18 17:14:51,086 [INFO] IPUIPlugin:80 - create IPUIPlugin
2026-04-18 17:14:51,086 [INFO] PluginManager:220 - loadIPPluginJar : add hash
2026-04-18 17:14:51,088 [INFO] IPUIPlugin:80 - create IPUIPlugin
2026-04-18 17:14:51,088 [INFO] PluginManager:220 - loadIPPluginJar : add i2c
2026-04-18 17:14:51,089 [INFO] IPUIPlugin:80 - create IPUIPlugin
2026-04-18 17:14:51,089 [INFO] PluginManager:220 - loadIPPluginJar : add i2s
2026-04-18 17:14:51,091 [INFO] IPUIPlugin:80 - create IPUIPlugin
2026-04-18 17:14:51,091 [INFO] PluginManager:220 - loadIPPluginJar : add i3c
2026-04-18 17:14:51,093 [INFO] IPUIPlugin:80 - create IPUIPlugin
2026-04-18 17:14:51,093 [INFO] PluginManager:220 - loadIPPluginJar : add ipddr
2026-04-18 17:14:51,098 [INFO] IPUIPlugin:80 - create IPUIPlugin
2026-04-18 17:14:51,098 [INFO] PluginManager:220 - loadIPPluginJar : add linkedlist
2026-04-18 17:14:51,100 [INFO] IPUIPlugin:80 - create IPUIPlugin
2026-04-18 17:14:51,100 [INFO] PluginManager:220 - loadIPPluginJar : add lorawan
2026-04-18 17:14:51,101 [INFO] IPUIPlugin:80 - create IPUIPlugin
2026-04-18 17:14:51,101 [INFO] PluginManager:220 - loadIPPluginJar : add ltdc
2026-04-18 17:14:51,104 [INFO] IPUIPlugin:80 - create IPUIPlugin
2026-04-18 17:14:51,104 [INFO] PluginManager:220 - loadIPPluginJar : add mdma
2026-04-18 17:14:51,106 [INFO] IPUIPlugin:80 - create IPUIPlugin
2026-04-18 17:14:51,106 [INFO] PluginManager:220 - loadIPPluginJar : add nvic
2026-04-18 17:14:51,108 [INFO] IPUIPlugin:80 - create IPUIPlugin
2026-04-18 17:14:51,108 [INFO] PluginManager:220 - loadIPPluginJar : add opamp
2026-04-18 17:14:51,110 [INFO] IPUIPlugin:80 - create IPUIPlugin
2026-04-18 17:14:51,110 [INFO] PluginManager:220 - loadIPPluginJar : add openamp
2026-04-18 17:14:51,112 [INFO] IPUIPlugin:80 - create IPUIPlugin
2026-04-18 17:14:51,112 [INFO] PluginManager:220 - loadIPPluginJar : add pdm2pcm
2026-04-18 17:14:51,115 [INFO] IPUIPlugin:80 - create IPUIPlugin
2026-04-18 17:14:51,116 [INFO] PluginManager:220 - loadIPPluginJar : add plateformsettings
2026-04-18 17:14:51,117 [INFO] IPUIPlugin:80 - create IPUIPlugin
2026-04-18 17:14:51,117 [INFO] PluginManager:220 - loadIPPluginJar : add quadspi
2026-04-18 17:14:51,118 [INFO] IPUIPlugin:80 - create IPUIPlugin
2026-04-18 17:14:51,118 [INFO] PluginManager:220 - loadIPPluginJar : add radio
2026-04-18 17:14:51,120 [INFO] IPUIPlugin:80 - create IPUIPlugin
2026-04-18 17:14:51,121 [INFO] PluginManager:220 - loadIPPluginJar : add resmgrutility
2026-04-18 17:14:51,122 [INFO] IPUIPlugin:80 - create IPUIPlugin
2026-04-18 17:14:51,122 [INFO] PluginManager:220 - loadIPPluginJar : add sai
2026-04-18 17:14:51,123 [INFO] IPUIPlugin:80 - create IPUIPlugin
2026-04-18 17:14:51,123 [INFO] PluginManager:220 - loadIPPluginJar : add spi
2026-04-18 17:14:51,126 [INFO] IPUIPlugin:80 - create IPUIPlugin
2026-04-18 17:14:51,126 [INFO] PluginManager:220 - loadIPPluginJar : add stm32_wpan
2026-04-18 17:14:51,127 [INFO] IPUIPlugin:80 - create IPUIPlugin
2026-04-18 17:14:51,127 [INFO] PluginManager:220 - loadIPPluginJar : add tim
2026-04-18 17:14:51,129 [INFO] IPUIPlugin:80 - create IPUIPlugin
2026-04-18 17:14:51,129 [INFO] PluginManager:220 - loadIPPluginJar : add touchsensing
2026-04-18 17:14:51,130 [INFO] IPUIPlugin:80 - create IPUIPlugin
2026-04-18 17:14:51,130 [INFO] PluginManager:220 - loadIPPluginJar : add tracer_emb
2026-04-18 17:14:51,131 [INFO] IPUIPlugin:80 - create IPUIPlugin
2026-04-18 17:14:51,131 [INFO] PluginManager:220 - loadIPPluginJar : add ts
2026-04-18 17:14:51,132 [INFO] IPUIPlugin:80 - create IPUIPlugin
2026-04-18 17:14:51,132 [INFO] PluginManager:220 - loadIPPluginJar : add tsc
2026-04-18 17:14:51,132 [INFO] IPUIPlugin:80 - create IPUIPlugin
2026-04-18 17:14:51,133 [INFO] PluginManager:220 - loadIPPluginJar : add ucpd
2026-04-18 17:14:51,134 [INFO] IPUIPlugin:80 - create IPUIPlugin
2026-04-18 17:14:51,135 [INFO] PluginManager:220 - loadIPPluginJar : add usart
2026-04-18 17:14:51,136 [INFO] IPUIPlugin:80 - create IPUIPlugin
2026-04-18 17:14:51,137 [INFO] PluginManager:220 - loadIPPluginJar : add usbx
2026-04-18 17:14:51,253 [FATAL] Updater:351 - Updater called before beeing initialized
2026-04-18 17:14:51,279 [INFO] RulesReader:64 - Compatibility file has been processed (297 Rules)
2026-04-18 17:14:51,288 [INFO] RulesReader:64 - Compatibility file has been processed (297 Rules)
2026-04-18 17:14:51,302 [INFO] CADModel:165 - CPN selected for project level
2026-04-18 17:14:51,302 [INFO] CADModel:114 - Register for checkConnection events
2026-04-18 17:14:51,302 [FATAL] Updater:351 - Updater called before beeing initialized
2026-04-18 17:14:51,302 [ERROR] CADModel:125 - Updater not yet initialized, retry later 
2026-04-18 17:14:51,415 [FATAL] Updater:351 - Updater called before beeing initialized
2026-04-18 17:14:51,417 [INFO] CADModel:165 - CPN selected for project level
2026-04-18 17:14:51,417 [INFO] CADModel:114 - Register for checkConnection events
2026-04-18 17:14:51,417 [FATAL] Updater:351 - Updater called before beeing initialized
2026-04-18 17:14:51,417 [ERROR] CADModel:125 - Updater not yet initialized, retry later 
2026-04-18 17:14:51,419 [FATAL] Updater:351 - Updater called before beeing initialized
2026-04-18 17:14:51,492 [FATAL] Updater:351 - Updater called before beeing initialized
2026-04-18 17:14:51,495 [INFO] DbMcusAds:53 - JSON generation date=Thu Sep 30 09:55:09 MSK 2021 (1632984909247)
2026-04-18 17:14:51,495 [FATAL] Updater:351 - Updater called before beeing initialized
2026-04-18 17:14:51,515 [WARN] DetailPanel:346 - Failed to get advertising image, set to default
2026-04-18 17:14:51,668 [FATAL] Updater:351 - Updater called before beeing initialized
2026-04-18 17:14:51,669 [FATAL] Updater:351 - Updater called before beeing initialized
2026-04-18 17:14:51,670 [FATAL] Updater:351 - Updater called before beeing initialized
2026-04-18 17:14:51,670 [WARN] DetailPanel:346 - Failed to get advertising image, set to default
2026-04-18 17:14:51,671 [FATAL] Updater:351 - Updater called before beeing initialized
2026-04-18 17:14:51,704 [ERROR] Updater:1198 - MainUpdater not yet initialized. External WinMGr cannot be set.
2026-04-18 17:14:51,706 [INFO] Updater:1134 - Updater Version found : 6.13.0
2026-04-18 17:14:51,716 [INFO] ApplicationProperties:184 - Using Application install path: D:\STM32CubeIDE_1.17.0\STM32CubeIDE\plugins\com.st.stm32cube.common.mx_6.13.0.202411220809
2026-04-18 17:14:53,286 [ERROR] LogOutputStream:75 - [STDERR_REDIRECT] Apr 18, 2026 5:14:53 PM java.util.prefs.WindowsPreferences <init>
2026-04-18 17:14:53,287 [ERROR] LogOutputStream:75 - [STDERR_REDIRECT] WARNING: Could not open/create prefs root node Software\JavaSoft\Prefs at root 0xffffffff80000002. Windows RegCreateKeyEx(...) returned error code 5.
2026-04-18 17:14:53,287 [ERROR] LogOutputStream:75 - [STDERR_REDIRECT] 
2026-04-18 17:14:53,702 [INFO] ThirdPartyUpdaterWithRetryManager:70 - Updater plugin not ready yet. [2/15]
2026-04-18 17:14:54,900 [INFO] MainUpdater:2872 - connection check result : 10
2026-04-18 17:14:54,900 [INFO] MainUpdater:3566 - Updater definition file requires update
2026-04-18 17:14:54,901 [INFO] MainUpdater:289 - Updater Check For Update Now.
2026-04-18 17:14:54,901 [INFO] MicroXplorer:498 - Change Database Version : DB.6.0.130
2026-04-18 17:14:54,927 [INFO] McuFinderGlobals:63 - Set McuFinder mode to 2 (CubeIDE integrated)
2026-04-18 17:14:54,927 [INFO] UserAuth:171 - activating auth plugin
2026-04-18 17:14:54,930 [INFO] UserAuth:486 - Internet connection configuration mode: 1
2026-04-18 17:14:54,938 [INFO] JxBrowserEngine:152 - Initiate JxBrowser Engine with user profile folder
2026-04-18 17:14:55,319 [INFO] WebApp:168 - Instantiating new browser for Auth
2026-04-18 17:14:55,520 [ERROR] ConfigurationRetriever:142 - IOException on connection: Read timed out
2026-04-18 17:14:55,754 [INFO] WebApp:449 - Apply proxy settings
2026-04-18 17:14:55,754 [INFO] WebApp:534 - Chromium requires no authentication
2026-04-18 17:14:55,760 [INFO] WebApp:477 - Direct internet connection detected
2026-04-18 17:14:55,773 [INFO] WebApp:880 - Register for checkConnection events
2026-04-18 17:14:55,773 [INFO] WebApp:449 - Apply proxy settings
2026-04-18 17:14:55,773 [INFO] WebApp:534 - Chromium requires no authentication
2026-04-18 17:14:55,773 [INFO] WebApp:477 - Direct internet connection detected
2026-04-18 17:14:55,867 [INFO] WebApp:221 - Starting web application
2026-04-18 17:14:55,868 [INFO] WebApp:579 - Web application path used D:\STM32CubeIDE_1.17.0\STM32CubeIDE\plugins\com.st.stm32cube.common.mx_6.13.0.202411220809\db\plugins\mcufinder\reactClient1\index.html
2026-04-18 17:14:55,983 [ERROR] LogOutputStream:75 - [STDERR_REDIRECT] [Fatal Error] :1:1: Premature end of file.
2026-04-18 17:14:55,984 [ERROR] LogOutputStream:75 - [STDERR_REDIRECT] 
2026-04-18 17:14:56,295 [INFO] WebApp:187 - Connection restablished
2026-04-18 17:14:56,703 [WARN] MainUpdater:1193 - Updater busy. Cannot search thirdparties
2026-04-18 17:14:56,703 [INFO] ThirdPartyUpdaterWithRetryManager:96 - Updater plugin is busy. [1/15]
2026-04-18 17:14:56,973 [ERROR] LogOutputStream:75 - [STDERR_REDIRECT] [Fatal Error] :1:1: Premature end of file.
2026-04-18 17:14:56,973 [ERROR] LogOutputStream:75 - [STDERR_REDIRECT] 
2026-04-18 17:14:57,976 [ERROR] LogOutputStream:75 - [STDERR_REDIRECT] [Fatal Error] :1:1: Premature end of file.
2026-04-18 17:14:57,976 [ERROR] LogOutputStream:75 - [STDERR_REDIRECT] 
2026-04-18 17:14:58,971 [ERROR] LogOutputStream:75 - [STDERR_REDIRECT] [Fatal Error] :1:1: Premature end of file.
2026-04-18 17:14:58,971 [ERROR] LogOutputStream:75 - [STDERR_REDIRECT] 
2026-04-18 17:14:59,705 [WARN] MainUpdater:1193 - Updater busy. Cannot search thirdparties
2026-04-18 17:14:59,705 [INFO] ThirdPartyUpdaterWithRetryManager:96 - Updater plugin is busy. [2/15]
2026-04-18 17:14:59,979 [ERROR] LogOutputStream:75 - [STDERR_REDIRECT] [Fatal Error] :1:1: Premature end of file.
2026-04-18 17:14:59,979 [ERROR] LogOutputStream:75 - [STDERR_REDIRECT] 
2026-04-18 17:15:00,608 [ERROR] ConfigurationRetriever:142 - IOException on connection: Read timed out
2026-04-18 17:15:00,979 [ERROR] LogOutputStream:75 - [STDERR_REDIRECT] [Fatal Error] :1:1: Premature end of file.
2026-04-18 17:15:00,979 [ERROR] LogOutputStream:75 - [STDERR_REDIRECT] 
2026-04-18 17:15:01,976 [ERROR] LogOutputStream:75 - [STDERR_REDIRECT] [Fatal Error] :1:1: Premature end of file.
2026-04-18 17:15:01,976 [ERROR] LogOutputStream:75 - [STDERR_REDIRECT] 
2026-04-18 17:15:02,707 [WARN] MainUpdater:1193 - Updater busy. Cannot search thirdparties
2026-04-18 17:15:02,707 [INFO] ThirdPartyUpdaterWithRetryManager:96 - Updater plugin is busy. [3/15]
2026-04-18 17:15:02,983 [ERROR] LogOutputStream:75 - [STDERR_REDIRECT] [Fatal Error] :1:1: Premature end of file.
2026-04-18 17:15:02,983 [ERROR] LogOutputStream:75 - [STDERR_REDIRECT] 
2026-04-18 17:15:03,976 [ERROR] LogOutputStream:75 - [STDERR_REDIRECT] [Fatal Error] :1:1: Premature end of file.
2026-04-18 17:15:03,976 [ERROR] LogOutputStream:75 - [STDERR_REDIRECT] 
2026-04-18 17:15:04,979 [ERROR] LogOutputStream:75 - [STDERR_REDIRECT] [Fatal Error] :1:1: Premature end of file.
2026-04-18 17:15:04,986 [ERROR] LogOutputStream:75 - [STDERR_REDIRECT] 
2026-04-18 17:15:05,708 [WARN] MainUpdater:1193 - Updater busy. Cannot search thirdparties
2026-04-18 17:15:05,708 [INFO] ThirdPartyUpdaterWithRetryManager:96 - Updater plugin is busy. [4/15]
2026-04-18 17:15:05,978 [ERROR] LogOutputStream:75 - [STDERR_REDIRECT] [Fatal Error] :1:1: Premature end of file.
2026-04-18 17:15:05,979 [ERROR] LogOutputStream:75 - [STDERR_REDIRECT] 
2026-04-18 17:15:06,978 [ERROR] LogOutputStream:75 - [STDERR_REDIRECT] [Fatal Error] :1:1: Premature end of file.
2026-04-18 17:15:06,990 [ERROR] LogOutputStream:75 - [STDERR_REDIRECT] 
2026-04-18 17:15:07,978 [ERROR] LogOutputStream:75 - [STDERR_REDIRECT] [Fatal Error] :1:1: Premature end of file.
2026-04-18 17:15:07,978 [ERROR] LogOutputStream:75 - [STDERR_REDIRECT] 
2026-04-18 17:15:08,709 [WARN] MainUpdater:1193 - Updater busy. Cannot search thirdparties
2026-04-18 17:15:08,709 [INFO] ThirdPartyUpdaterWithRetryManager:96 - Updater plugin is busy. [5/15]
2026-04-18 17:15:08,978 [ERROR] LogOutputStream:75 - [STDERR_REDIRECT] [Fatal Error] :1:1: Premature end of file.
2026-04-18 17:15:08,978 [ERROR] LogOutputStream:75 - [STDERR_REDIRECT] 
2026-04-18 17:15:09,979 [ERROR] LogOutputStream:75 - [STDERR_REDIRECT] [Fatal Error] :1:1: Premature end of file.
2026-04-18 17:15:09,979 [ERROR] LogOutputStream:75 - [STDERR_REDIRECT] 
2026-04-18 17:15:10,978 [ERROR] LogOutputStream:75 - [STDERR_REDIRECT] [Fatal Error] :1:1: Premature end of file.
2026-04-18 17:15:10,978 [ERROR] LogOutputStream:75 - [STDERR_REDIRECT] 
2026-04-18 17:15:11,710 [WARN] MainUpdater:1193 - Updater busy. Cannot search thirdparties
2026-04-18 17:15:11,710 [INFO] ThirdPartyUpdaterWithRetryManager:96 - Updater plugin is busy. [6/15]
2026-04-18 17:15:11,977 [ERROR] LogOutputStream:75 - [STDERR_REDIRECT] [Fatal Error] :1:1: Premature end of file.
2026-04-18 17:15:11,977 [ERROR] LogOutputStream:75 - [STDERR_REDIRECT] 
2026-04-18 17:15:12,976 [ERROR] LogOutputStream:75 - [STDERR_REDIRECT] [Fatal Error] :1:1: Premature end of file.
2026-04-18 17:15:12,977 [ERROR] LogOutputStream:75 - [STDERR_REDIRECT] 
2026-04-18 17:15:13,978 [ERROR] LogOutputStream:75 - [STDERR_REDIRECT] [Fatal Error] :1:1: Premature end of file.
2026-04-18 17:15:13,978 [ERROR] LogOutputStream:75 - [STDERR_REDIRECT] 
2026-04-18 17:15:14,712 [WARN] MainUpdater:1193 - Updater busy. Cannot search thirdparties
2026-04-18 17:15:14,712 [INFO] ThirdPartyUpdaterWithRetryManager:96 - Updater plugin is busy. [7/15]
2026-04-18 17:15:14,979 [ERROR] LogOutputStream:75 - [STDERR_REDIRECT] [Fatal Error] :1:1: Premature end of file.
2026-04-18 17:15:14,979 [ERROR] LogOutputStream:75 - [STDERR_REDIRECT] 
2026-04-18 17:15:15,979 [ERROR] LogOutputStream:75 - [STDERR_REDIRECT] [Fatal Error] :1:1: Premature end of file.
2026-04-18 17:15:15,979 [ERROR] LogOutputStream:75 - [STDERR_REDIRECT] 
2026-04-18 17:15:16,977 [ERROR] LogOutputStream:75 - [STDERR_REDIRECT] [Fatal Error] :1:1: Premature end of file.
2026-04-18 17:15:16,977 [ERROR] LogOutputStream:75 - [STDERR_REDIRECT] 
2026-04-18 17:15:17,712 [WARN] MainUpdater:1193 - Updater busy. Cannot search thirdparties
2026-04-18 17:15:17,713 [INFO] ThirdPartyUpdaterWithRetryManager:96 - Updater plugin is busy. [8/15]
2026-04-18 17:15:17,975 [ERROR] LogOutputStream:75 - [STDERR_REDIRECT] [Fatal Error] :1:1: Premature end of file.
2026-04-18 17:15:17,976 [ERROR] LogOutputStream:75 - [STDERR_REDIRECT] 
2026-04-18 17:15:18,977 [ERROR] LogOutputStream:75 - [STDERR_REDIRECT] [Fatal Error] :1:1: Premature end of file.
2026-04-18 17:15:18,977 [ERROR] LogOutputStream:75 - [STDERR_REDIRECT] 
2026-04-18 17:15:19,978 [ERROR] LogOutputStream:75 - [STDERR_REDIRECT] [Fatal Error] :1:1: Premature end of file.
2026-04-18 17:15:19,978 [ERROR] LogOutputStream:75 - [STDERR_REDIRECT] 
2026-04-18 17:15:20,713 [WARN] MainUpdater:1193 - Updater busy. Cannot search thirdparties
2026-04-18 17:15:20,713 [INFO] ThirdPartyUpdaterWithRetryManager:96 - Updater plugin is busy. [9/15]
2026-04-18 17:15:20,978 [ERROR] LogOutputStream:75 - [STDERR_REDIRECT] [Fatal Error] :1:1: Premature end of file.
2026-04-18 17:15:20,978 [ERROR] LogOutputStream:75 - [STDERR_REDIRECT] 
2026-04-18 17:15:21,976 [ERROR] LogOutputStream:75 - [STDERR_REDIRECT] [Fatal Error] :1:1: Premature end of file.
2026-04-18 17:15:21,976 [ERROR] LogOutputStream:75 - [STDERR_REDIRECT] 
2026-04-18 17:15:22,977 [ERROR] LogOutputStream:75 - [STDERR_REDIRECT] [Fatal Error] :1:1: Premature end of file.
2026-04-18 17:15:22,977 [ERROR] LogOutputStream:75 - [STDERR_REDIRECT] 
2026-04-18 17:15:23,714 [WARN] MainUpdater:1193 - Updater busy. Cannot search thirdparties
2026-04-18 17:15:23,714 [INFO] ThirdPartyUpdaterWithRetryManager:96 - Updater plugin is busy. [10/15]
2026-04-18 17:15:23,979 [ERROR] LogOutputStream:75 - [STDERR_REDIRECT] [Fatal Error] :1:1: Premature end of file.
2026-04-18 17:15:23,979 [ERROR] LogOutputStream:75 - [STDERR_REDIRECT] 
2026-04-18 17:15:24,976 [ERROR] LogOutputStream:75 - [STDERR_REDIRECT] [Fatal Error] :1:1: Premature end of file.
2026-04-18 17:15:24,977 [ERROR] LogOutputStream:75 - [STDERR_REDIRECT] 
2026-04-18 17:15:25,976 [ERROR] LogOutputStream:75 - [STDERR_REDIRECT] [Fatal Error] :1:1: Premature end of file.
2026-04-18 17:15:25,976 [ERROR] LogOutputStream:75 - [STDERR_REDIRECT] 
2026-04-18 17:15:26,715 [WARN] MainUpdater:1193 - Updater busy. Cannot search thirdparties
2026-04-18 17:15:26,715 [INFO] ThirdPartyUpdaterWithRetryManager:96 - Updater plugin is busy. [11/15]
2026-04-18 17:15:26,875 [ERROR] ServerAccessManage:1172 - Problem during Server Connection :  IO error Connection reset
2026-04-18 17:15:26,875 [ERROR] ServerAccessManage:651 - Problem during Server Connection :  : updaters.zip.
2026-04-18 17:15:26,876 [WARN] LoadServerUpdatesThread:475 - Updater definition download error.
2026-04-18 17:15:26,878 [INFO] LoadServerUpdatesThread:375 - End of LoadServerUpdate Thread
2026-04-18 17:15:26,920 [WARN] CheckServerUpdateThread:151 - Open CheckUpdateFile Fail
2026-04-18 17:15:26,973 [ERROR] LogOutputStream:75 - [STDERR_REDIRECT] [Fatal Error] :1:1: Premature end of file.
2026-04-18 17:15:26,973 [ERROR] LogOutputStream:75 - [STDERR_REDIRECT] 
2026-04-18 17:15:27,040 [INFO] CheckServerUpdateThread:120 - End of CheckServer Thread
2026-04-18 17:15:27,976 [ERROR] LogOutputStream:75 - [STDERR_REDIRECT] [Fatal Error] :1:1: Premature end of file.
2026-04-18 17:15:27,976 [ERROR] LogOutputStream:75 - [STDERR_REDIRECT] 
2026-04-18 17:15:28,977 [ERROR] LogOutputStream:75 - [STDERR_REDIRECT] [Fatal Error] :1:1: Premature end of file.
2026-04-18 17:15:28,977 [ERROR] LogOutputStream:75 - [STDERR_REDIRECT] 
2026-04-18 17:15:29,814 [WARN] PackLoader:240 - Cannot read IP mode file for STMicroelectronics.X-CUBE-DISPLAY.3.0.0
2026-04-18 17:15:29,824 [WARN] PackLoader:240 - Cannot read IP mode file for STMicroelectronics.FP-SNS-SMARTAG2.1.2.0
2026-04-18 17:15:29,833 [WARN] PackLoader:240 - Cannot read IP mode file for STMicroelectronics.X-CUBE-BLE2.3.3.0
2026-04-18 17:15:29,839 [WARN] PackLoader:240 - Cannot read IP mode file for STMicroelectronics.FP-ATR-SIGFOX1.3.2.0
2026-04-18 17:15:29,843 [WARN] PackLoader:240 - Cannot read IP mode file for STMicroelectronics.X-CUBE-ISPU.2.1.0
2026-04-18 17:15:29,850 [WARN] PackLoader:240 - Cannot read IP mode file for STMicroelectronics.X-CUBE-ALS.1.0.2
2026-04-18 17:15:29,851 [INFO] ThirdParty:978 - Integrity check success = true
2026-04-18 17:15:29,852 [INFO] IntegrityCheckThread:100 - exiting critical section [integrity check]
2026-04-18 17:15:29,852 [INFO] IntegrityCheckThread:103 - End integrity checks thread
2026-04-18 17:15:29,977 [ERROR] LogOutputStream:75 - [STDERR_REDIRECT] [Fatal Error] :1:1: Premature end of file.
2026-04-18 17:15:29,977 [ERROR] LogOutputStream:75 - [STDERR_REDIRECT] 
2026-04-18 17:15:30,977 [ERROR] LogOutputStream:75 - [STDERR_REDIRECT] [Fatal Error] :1:1: Premature end of file.
2026-04-18 17:15:30,977 [ERROR] LogOutputStream:75 - [STDERR_REDIRECT] 
2026-04-18 17:15:31,976 [ERROR] LogOutputStream:75 - [STDERR_REDIRECT] [Fatal Error] :1:1: Premature end of file.
2026-04-18 17:15:31,977 [ERROR] LogOutputStream:75 - [STDERR_REDIRECT] 
2026-04-18 17:15:32,977 [ERROR] LogOutputStream:75 - [STDERR_REDIRECT] [Fatal Error] :1:1: Premature end of file.
2026-04-18 17:15:32,978 [ERROR] LogOutputStream:75 - [STDERR_REDIRECT] 
2026-04-18 17:15:33,977 [ERROR] LogOutputStream:75 - [STDERR_REDIRECT] [Fatal Error] :1:1: Premature end of file.
2026-04-18 17:15:33,977 [ERROR] LogOutputStream:75 - [STDERR_REDIRECT] 
2026-04-18 17:15:34,980 [ERROR] LogOutputStream:75 - [STDERR_REDIRECT] [Fatal Error] :1:1: Premature end of file.
2026-04-18 17:15:34,980 [ERROR] LogOutputStream:75 - [STDERR_REDIRECT] 
2026-04-18 17:15:35,995 [ERROR] LogOutputStream:75 - [STDERR_REDIRECT] [Fatal Error] :1:1: Premature end of file.
2026-04-18 17:15:35,996 [ERROR] LogOutputStream:75 - [STDERR_REDIRECT] 
2026-04-18 17:15:36,974 [ERROR] LogOutputStream:75 - [STDERR_REDIRECT] [Fatal Error] :1:1: Premature end of file.
2026-04-18 17:15:36,975 [ERROR] LogOutputStream:75 - [STDERR_REDIRECT] 
2026-04-18 17:15:37,974 [ERROR] LogOutputStream:75 - [STDERR_REDIRECT] [Fatal Error] :1:1: Premature end of file.
2026-04-18 17:15:37,974 [ERROR] LogOutputStream:75 - [STDERR_REDIRECT] 
2026-04-18 17:15:38,978 [ERROR] LogOutputStream:75 - [STDERR_REDIRECT] [Fatal Error] :1:1: Premature end of file.
2026-04-18 17:15:38,978 [ERROR] LogOutputStream:75 - [STDERR_REDIRECT] 
2026-04-18 17:15:39,978 [ERROR] LogOutputStream:75 - [STDERR_REDIRECT] [Fatal Error] :1:1: Premature end of file.
2026-04-18 17:15:39,978 [ERROR] LogOutputStream:75 - [STDERR_REDIRECT] 
2026-04-18 17:15:40,977 [ERROR] LogOutputStream:75 - [STDERR_REDIRECT] [Fatal Error] :1:1: Premature end of file.
2026-04-18 17:15:40,977 [ERROR] LogOutputStream:75 - [STDERR_REDIRECT] 
2026-04-18 17:15:41,973 [ERROR] LogOutputStream:75 - [STDERR_REDIRECT] [Fatal Error] :1:1: Premature end of file.
2026-04-18 17:15:41,973 [ERROR] LogOutputStream:75 - [STDERR_REDIRECT] 
2026-04-18 17:15:42,979 [ERROR] LogOutputStream:75 - [STDERR_REDIRECT] [Fatal Error] :1:1: Premature end of file.
2026-04-18 17:15:42,979 [ERROR] LogOutputStream:75 - [STDERR_REDIRECT] 
2026-04-18 17:15:43,975 [ERROR] LogOutputStream:75 - [STDERR_REDIRECT] [Fatal Error] :1:1: Premature end of file.
2026-04-18 17:15:43,975 [ERROR] LogOutputStream:75 - [STDERR_REDIRECT] 
2026-04-18 17:15:44,974 [ERROR] LogOutputStream:75 - [STDERR_REDIRECT] [Fatal Error] :1:1: Premature end of file.
2026-04-18 17:15:44,974 [ERROR] LogOutputStream:75 - [STDERR_REDIRECT] 
2026-04-18 17:15:45,978 [ERROR] LogOutputStream:75 - [STDERR_REDIRECT] [Fatal Error] :1:1: Premature end of file.
2026-04-18 17:15:45,978 [ERROR] LogOutputStream:75 - [STDERR_REDIRECT] 
2026-04-18 17:15:46,976 [ERROR] LogOutputStream:75 - [STDERR_REDIRECT] [Fatal Error] :1:1: Premature end of file.
2026-04-18 17:15:46,976 [ERROR] LogOutputStream:75 - [STDERR_REDIRECT] 
2026-04-18 17:15:47,979 [ERROR] LogOutputStream:75 - [STDERR_REDIRECT] [Fatal Error] :1:1: Premature end of file.
2026-04-18 17:15:47,981 [ERROR] LogOutputStream:75 - [STDERR_REDIRECT] 
2026-04-18 17:15:48,978 [ERROR] LogOutputStream:75 - [STDERR_REDIRECT] [Fatal Error] :1:1: Premature end of file.
2026-04-18 17:15:48,979 [ERROR] LogOutputStream:75 - [STDERR_REDIRECT] 
2026-04-18 17:15:49,975 [ERROR] LogOutputStream:75 - [STDERR_REDIRECT] [Fatal Error] :1:1: Premature end of file.
2026-04-18 17:15:49,976 [ERROR] LogOutputStream:75 - [STDERR_REDIRECT] 
2026-04-18 17:15:50,978 [ERROR] LogOutputStream:75 - [STDERR_REDIRECT] [Fatal Error] :1:1: Premature end of file.
2026-04-18 17:15:50,979 [ERROR] LogOutputStream:75 - [STDERR_REDIRECT] 
2026-04-18 17:15:51,975 [ERROR] LogOutputStream:75 - [STDERR_REDIRECT] [Fatal Error] :1:1: Premature end of file.
2026-04-18 17:15:51,976 [ERROR] LogOutputStream:75 - [STDERR_REDIRECT] 
2026-04-18 17:15:52,977 [ERROR] LogOutputStream:75 - [STDERR_REDIRECT] [Fatal Error] :1:1: Premature end of file.
2026-04-18 17:15:52,978 [ERROR] LogOutputStream:75 - [STDERR_REDIRECT] 
2026-04-18 17:15:53,980 [ERROR] LogOutputStream:75 - [STDERR_REDIRECT] [Fatal Error] :1:1: Premature end of file.
2026-04-18 17:15:53,980 [ERROR] LogOutputStream:75 - [STDERR_REDIRECT] 
2026-04-18 17:15:54,978 [ERROR] LogOutputStream:75 - [STDERR_REDIRECT] [Fatal Error] :1:1: Premature end of file.
2026-04-18 17:15:54,978 [ERROR] LogOutputStream:75 - [STDERR_REDIRECT] 
2026-04-18 17:15:55,975 [ERROR] LogOutputStream:75 - [STDERR_REDIRECT] [Fatal Error] :1:1: Premature end of file.
2026-04-18 17:15:55,975 [ERROR] LogOutputStream:75 - [STDERR_REDIRECT] 
2026-04-18 17:15:56,973 [ERROR] LogOutputStream:75 - [STDERR_REDIRECT] [Fatal Error] :1:1: Premature end of file.
2026-04-18 17:15:56,973 [ERROR] LogOutputStream:75 - [STDERR_REDIRECT] 
2026-04-18 17:15:57,978 [ERROR] LogOutputStream:75 - [STDERR_REDIRECT] [Fatal Error] :1:1: Premature end of file.
2026-04-18 17:15:57,978 [ERROR] LogOutputStream:75 - [STDERR_REDIRECT] 
2026-04-18 17:15:58,979 [ERROR] LogOutputStream:75 - [STDERR_REDIRECT] [Fatal Error] :1:1: Premature end of file.
2026-04-18 17:15:58,979 [ERROR] LogOutputStream:75 - [STDERR_REDIRECT] 
2026-04-18 17:15:59,977 [ERROR] LogOutputStream:75 - [STDERR_REDIRECT] [Fatal Error] :1:1: Premature end of file.
2026-04-18 17:15:59,977 [ERROR] LogOutputStream:75 - [STDERR_REDIRECT] 
2026-04-18 17:16:00,977 [ERROR] LogOutputStream:75 - [STDERR_REDIRECT] [Fatal Error] :1:1: Premature end of file.
2026-04-18 17:16:00,977 [ERROR] LogOutputStream:75 - [STDERR_REDIRECT] 
2026-04-18 17:16:01,974 [ERROR] LogOutputStream:75 - [STDERR_REDIRECT] [Fatal Error] :1:1: Premature end of file.
2026-04-18 17:16:01,975 [ERROR] LogOutputStream:75 - [STDERR_REDIRECT] 
2026-04-18 17:16:02,975 [ERROR] LogOutputStream:75 - [STDERR_REDIRECT] [Fatal Error] :1:1: Premature end of file.
2026-04-18 17:16:02,975 [ERROR] LogOutputStream:75 - [STDERR_REDIRECT] 
2026-04-18 17:16:03,978 [ERROR] LogOutputStream:75 - [STDERR_REDIRECT] [Fatal Error] :1:1: Premature end of file.
2026-04-18 17:16:03,978 [ERROR] LogOutputStream:75 - [STDERR_REDIRECT] 
2026-04-18 17:16:04,977 [ERROR] LogOutputStream:75 - [STDERR_REDIRECT] [Fatal Error] :1:1: Premature end of file.
2026-04-18 17:16:04,977 [ERROR] LogOutputStream:75 - [STDERR_REDIRECT] 
2026-04-18 17:16:05,977 [ERROR] LogOutputStream:75 - [STDERR_REDIRECT] [Fatal Error] :1:1: Premature end of file.
2026-04-18 17:16:05,978 [ERROR] LogOutputStream:75 - [STDERR_REDIRECT] 
2026-04-18 17:16:06,978 [ERROR] LogOutputStream:75 - [STDERR_REDIRECT] [Fatal Error] :1:1: Premature end of file.
2026-04-18 17:16:06,978 [ERROR] LogOutputStream:75 - [STDERR_REDIRECT] 
2026-04-18 17:16:07,980 [ERROR] LogOutputStream:75 - [STDERR_REDIRECT] [Fatal Error] :1:1: Premature end of file.
2026-04-18 17:16:07,980 [ERROR] LogOutputStream:75 - [STDERR_REDIRECT] 
2026-04-18 17:16:08,979 [ERROR] LogOutputStream:75 - [STDERR_REDIRECT] [Fatal Error] :1:1: Premature end of file.
2026-04-18 17:16:08,979 [ERROR] LogOutputStream:75 - [STDERR_REDIRECT] 
2026-04-18 17:16:09,975 [ERROR] LogOutputStream:75 - [STDERR_REDIRECT] [Fatal Error] :1:1: Premature end of file.
2026-04-18 17:16:09,975 [ERROR] LogOutputStream:75 - [STDERR_REDIRECT] 
2026-04-18 17:16:10,974 [ERROR] LogOutputStream:75 - [STDERR_REDIRECT] [Fatal Error] :1:1: Premature end of file.
2026-04-18 17:16:10,974 [ERROR] LogOutputStream:75 - [STDERR_REDIRECT] 
2026-04-18 17:16:11,976 [ERROR] LogOutputStream:75 - [STDERR_REDIRECT] [Fatal Error] :1:1: Premature end of file.
2026-04-18 17:16:11,976 [ERROR] LogOutputStream:75 - [STDERR_REDIRECT] 
2026-04-18 17:16:12,974 [ERROR] LogOutputStream:75 - [STDERR_REDIRECT] [Fatal Error] :1:1: Premature end of file.
2026-04-18 17:16:12,975 [ERROR] LogOutputStream:75 - [STDERR_REDIRECT] 
2026-04-18 17:16:13,976 [ERROR] LogOutputStream:75 - [STDERR_REDIRECT] [Fatal Error] :1:1: Premature end of file.
2026-04-18 17:16:13,976 [ERROR] LogOutputStream:75 - [STDERR_REDIRECT] 
2026-04-18 17:16:14,978 [ERROR] LogOutputStream:75 - [STDERR_REDIRECT] [Fatal Error] :1:1: Premature end of file.
2026-04-18 17:16:14,978 [ERROR] LogOutputStream:75 - [STDERR_REDIRECT] 
2026-04-18 17:16:15,978 [ERROR] LogOutputStream:75 - [STDERR_REDIRECT] [Fatal Error] :1:1: Premature end of file.
2026-04-18 17:16:15,978 [ERROR] LogOutputStream:75 - [STDERR_REDIRECT] 
2026-04-18 17:16:16,975 [ERROR] LogOutputStream:75 - [STDERR_REDIRECT] [Fatal Error] :1:1: Premature end of file.
2026-04-18 17:16:16,976 [ERROR] LogOutputStream:75 - [STDERR_REDIRECT] 
2026-04-18 17:16:17,978 [ERROR] LogOutputStream:75 - [STDERR_REDIRECT] [Fatal Error] :1:1: Premature end of file.
2026-04-18 17:16:17,978 [ERROR] LogOutputStream:75 - [STDERR_REDIRECT] 
2026-04-18 17:16:18,979 [ERROR] LogOutputStream:75 - [STDERR_REDIRECT] [Fatal Error] :1:1: Premature end of file.
2026-04-18 17:16:18,979 [ERROR] LogOutputStream:75 - [STDERR_REDIRECT] 
2026-04-18 17:16:19,978 [ERROR] LogOutputStream:75 - [STDERR_REDIRECT] [Fatal Error] :1:1: Premature end of file.
2026-04-18 17:16:19,978 [ERROR] LogOutputStream:75 - [STDERR_REDIRECT] 
2026-04-18 17:16:20,977 [ERROR] LogOutputStream:75 - [STDERR_REDIRECT] [Fatal Error] :1:1: Premature end of file.
2026-04-18 17:16:20,978 [ERROR] LogOutputStream:75 - [STDERR_REDIRECT] 
2026-04-18 17:16:21,977 [ERROR] LogOutputStream:75 - [STDERR_REDIRECT] [Fatal Error] :1:1: Premature end of file.
2026-04-18 17:16:21,977 [ERROR] LogOutputStream:75 - [STDERR_REDIRECT] 
2026-04-18 17:16:22,977 [ERROR] LogOutputStream:75 - [STDERR_REDIRECT] [Fatal Error] :1:1: Premature end of file.
2026-04-18 17:16:22,977 [ERROR] LogOutputStream:75 - [STDERR_REDIRECT] 
2026-04-18 17:16:23,977 [ERROR] LogOutputStream:75 - [STDERR_REDIRECT] [Fatal Error] :1:1: Premature end of file.
2026-04-18 17:16:23,979 [ERROR] LogOutputStream:75 - [STDERR_REDIRECT] 
2026-04-18 17:16:24,976 [ERROR] LogOutputStream:75 - [STDERR_REDIRECT] [Fatal Error] :1:1: Premature end of file.
2026-04-18 17:16:24,976 [ERROR] LogOutputStream:75 - [STDERR_REDIRECT] 
2026-04-18 17:16:25,978 [ERROR] LogOutputStream:75 - [STDERR_REDIRECT] [Fatal Error] :1:1: Premature end of file.
2026-04-18 17:16:25,978 [ERROR] LogOutputStream:75 - [STDERR_REDIRECT] 
2026-04-18 17:16:26,976 [ERROR] LogOutputStream:75 - [STDERR_REDIRECT] [Fatal Error] :1:1: Premature end of file.
2026-04-18 17:16:26,977 [ERROR] LogOutputStream:75 - [STDERR_REDIRECT] 
2026-04-18 17:16:27,978 [ERROR] LogOutputStream:75 - [STDERR_REDIRECT] [Fatal Error] :1:1: Premature end of file.
2026-04-18 17:16:27,978 [ERROR] LogOutputStream:75 - [STDERR_REDIRECT] 
2026-04-18 17:16:28,978 [ERROR] LogOutputStream:75 - [STDERR_REDIRECT] [Fatal Error] :1:1: Premature end of file.
2026-04-18 17:16:28,978 [ERROR] LogOutputStream:75 - [STDERR_REDIRECT] 
2026-04-18 17:16:29,984 [ERROR] LogOutputStream:75 - [STDERR_REDIRECT] [Fatal Error] :1:1: Premature end of file.
2026-04-18 17:16:29,984 [ERROR] LogOutputStream:75 - [STDERR_REDIRECT] 
2026-04-18 17:16:30,981 [ERROR] LogOutputStream:75 - [STDERR_REDIRECT] [Fatal Error] :1:1: Premature end of file.
2026-04-18 17:16:30,981 [ERROR] LogOutputStream:75 - [STDERR_REDIRECT] 
2026-04-18 17:16:31,975 [ERROR] LogOutputStream:75 - [STDERR_REDIRECT] [Fatal Error] :1:1: Premature end of file.
2026-04-18 17:16:31,976 [ERROR] LogOutputStream:75 - [STDERR_REDIRECT] 
2026-04-18 17:16:32,977 [ERROR] LogOutputStream:75 - [STDERR_REDIRECT] [Fatal Error] :1:1: Premature end of file.
2026-04-18 17:16:32,978 [ERROR] LogOutputStream:75 - [STDERR_REDIRECT] 
2026-04-18 17:16:33,979 [ERROR] LogOutputStream:75 - [STDERR_REDIRECT] [Fatal Error] :1:1: Premature end of file.
2026-04-18 17:16:33,979 [ERROR] LogOutputStream:75 - [STDERR_REDIRECT] 
2026-04-18 17:16:34,976 [ERROR] LogOutputStream:75 - [STDERR_REDIRECT] [Fatal Error] :1:1: Premature end of file.
2026-04-18 17:16:34,976 [ERROR] LogOutputStream:75 - [STDERR_REDIRECT] 
2026-04-18 17:16:35,979 [ERROR] LogOutputStream:75 - [STDERR_REDIRECT] [Fatal Error] :1:1: Premature end of file.
2026-04-18 17:16:35,979 [ERROR] LogOutputStream:75 - [STDERR_REDIRECT] 
2026-04-18 17:16:36,978 [ERROR] LogOutputStream:75 - [STDERR_REDIRECT] [Fatal Error] :1:1: Premature end of file.
2026-04-18 17:16:36,978 [ERROR] LogOutputStream:75 - [STDERR_REDIRECT] 
2026-04-18 17:16:37,978 [ERROR] LogOutputStream:75 - [STDERR_REDIRECT] [Fatal Error] :1:1: Premature end of file.
2026-04-18 17:16:37,978 [ERROR] LogOutputStream:75 - [STDERR_REDIRECT] 
2026-04-18 17:16:38,981 [ERROR] LogOutputStream:75 - [STDERR_REDIRECT] [Fatal Error] :1:1: Premature end of file.
2026-04-18 17:16:38,981 [ERROR] LogOutputStream:75 - [STDERR_REDIRECT] 
2026-04-18 17:16:39,977 [ERROR] LogOutputStream:75 - [STDERR_REDIRECT] [Fatal Error] :1:1: Premature end of file.
2026-04-18 17:16:39,977 [ERROR] LogOutputStream:75 - [STDERR_REDIRECT] 
2026-04-18 17:16:40,976 [ERROR] LogOutputStream:75 - [STDERR_REDIRECT] [Fatal Error] :1:1: Premature end of file.
2026-04-18 17:16:40,976 [ERROR] LogOutputStream:75 - [STDERR_REDIRECT] 
2026-04-18 17:16:41,979 [ERROR] LogOutputStream:75 - [STDERR_REDIRECT] [Fatal Error] :1:1: Premature end of file.
2026-04-18 17:16:41,979 [ERROR] LogOutputStream:75 - [STDERR_REDIRECT] 
2026-04-18 17:16:42,976 [ERROR] LogOutputStream:75 - [STDERR_REDIRECT] [Fatal Error] :1:1: Premature end of file.
2026-04-18 17:16:42,978 [ERROR] LogOutputStream:75 - [STDERR_REDIRECT] 
2026-04-18 17:16:43,971 [ERROR] LogOutputStream:75 - [STDERR_REDIRECT] [Fatal Error] :1:1: Premature end of file.
2026-04-18 17:16:43,971 [ERROR] LogOutputStream:75 - [STDERR_REDIRECT] 
2026-04-18 17:16:44,979 [ERROR] LogOutputStream:75 - [STDERR_REDIRECT] [Fatal Error] :1:1: Premature end of file.
2026-04-18 17:16:44,979 [ERROR] LogOutputStream:75 - [STDERR_REDIRECT] 
2026-04-18 17:16:45,992 [ERROR] LogOutputStream:75 - [STDERR_REDIRECT] [Fatal Error] :1:1: Premature end of file.
2026-04-18 17:16:45,992 [ERROR] LogOutputStream:75 - [STDERR_REDIRECT] 
2026-04-18 17:16:46,979 [ERROR] LogOutputStream:75 - [STDERR_REDIRECT] [Fatal Error] :1:1: Premature end of file.
2026-04-18 17:16:46,980 [ERROR] LogOutputStream:75 - [STDERR_REDIRECT] 
2026-04-18 17:16:47,976 [ERROR] LogOutputStream:75 - [STDERR_REDIRECT] [Fatal Error] :1:1: Premature end of file.
2026-04-18 17:16:47,976 [ERROR] LogOutputStream:75 - [STDERR_REDIRECT] 
2026-04-18 17:16:48,977 [ERROR] LogOutputStream:75 - [STDERR_REDIRECT] [Fatal Error] :1:1: Premature end of file.
2026-04-18 17:16:48,977 [ERROR] LogOutputStream:75 - [STDERR_REDIRECT] 
2026-04-18 17:16:49,977 [ERROR] LogOutputStream:75 - [STDERR_REDIRECT] [Fatal Error] :1:1: Premature end of file.
2026-04-18 17:16:49,977 [ERROR] LogOutputStream:75 - [STDERR_REDIRECT] 
2026-04-18 17:16:50,979 [ERROR] LogOutputStream:75 - [STDERR_REDIRECT] [Fatal Error] :1:1: Premature end of file.
2026-04-18 17:16:50,979 [ERROR] LogOutputStream:75 - [STDERR_REDIRECT] 
2026-04-18 17:16:51,978 [ERROR] LogOutputStream:75 - [STDERR_REDIRECT] [Fatal Error] :1:1: Premature end of file.
2026-04-18 17:16:51,978 [ERROR] LogOutputStream:75 - [STDERR_REDIRECT] 
2026-04-18 17:16:52,979 [ERROR] LogOutputStream:75 - [STDERR_REDIRECT] [Fatal Error] :1:1: Premature end of file.
2026-04-18 17:16:52,979 [ERROR] LogOutputStream:75 - [STDERR_REDIRECT] 
2026-04-18 17:16:53,975 [ERROR] LogOutputStream:75 - [STDERR_REDIRECT] [Fatal Error] :1:1: Premature end of file.
2026-04-18 17:16:53,975 [ERROR] LogOutputStream:75 - [STDERR_REDIRECT] 
2026-04-18 17:16:54,978 [ERROR] LogOutputStream:75 - [STDERR_REDIRECT] [Fatal Error] :1:1: Premature end of file.
2026-04-18 17:16:54,978 [ERROR] LogOutputStream:75 - [STDERR_REDIRECT] 
2026-04-18 17:16:55,979 [ERROR] LogOutputStream:75 - [STDERR_REDIRECT] [Fatal Error] :1:1: Premature end of file.
2026-04-18 17:16:55,979 [ERROR] LogOutputStream:75 - [STDERR_REDIRECT] 
2026-04-18 17:16:56,979 [ERROR] LogOutputStream:75 - [STDERR_REDIRECT] [Fatal Error] :1:1: Premature end of file.
2026-04-18 17:16:56,979 [ERROR] LogOutputStream:75 - [STDERR_REDIRECT] 
2026-04-18 17:16:57,980 [ERROR] LogOutputStream:75 - [STDERR_REDIRECT] [Fatal Error] :1:1: Premature end of file.
2026-04-18 17:16:57,980 [ERROR] LogOutputStream:75 - [STDERR_REDIRECT] 
2026-04-18 17:16:58,974 [ERROR] LogOutputStream:75 - [STDERR_REDIRECT] [Fatal Error] :1:1: Premature end of file.
2026-04-18 17:16:58,976 [ERROR] LogOutputStream:75 - [STDERR_REDIRECT] 
2026-04-18 17:16:59,977 [ERROR] LogOutputStream:75 - [STDERR_REDIRECT] [Fatal Error] :1:1: Premature end of file.
2026-04-18 17:16:59,978 [ERROR] LogOutputStream:75 - [STDERR_REDIRECT] 
2026-04-18 17:17:00,975 [ERROR] LogOutputStream:75 - [STDERR_REDIRECT] [Fatal Error] :1:1: Premature end of file.
2026-04-18 17:17:00,975 [ERROR] LogOutputStream:75 - [STDERR_REDIRECT] 
2026-04-18 17:17:01,977 [ERROR] LogOutputStream:75 - [STDERR_REDIRECT] [Fatal Error] :1:1: Premature end of file.
2026-04-18 17:17:01,979 [ERROR] LogOutputStream:75 - [STDERR_REDIRECT] 
2026-04-18 17:17:02,978 [ERROR] LogOutputStream:75 - [STDERR_REDIRECT] [Fatal Error] :1:1: Premature end of file.
2026-04-18 17:17:02,978 [ERROR] LogOutputStream:75 - [STDERR_REDIRECT] 
2026-04-18 17:17:03,976 [ERROR] LogOutputStream:75 - [STDERR_REDIRECT] [Fatal Error] :1:1: Premature end of file.
2026-04-18 17:17:03,977 [ERROR] LogOutputStream:75 - [STDERR_REDIRECT] 
2026-04-18 17:17:04,981 [ERROR] LogOutputStream:75 - [STDERR_REDIRECT] [Fatal Error] :1:1: Premature end of file.
2026-04-18 17:17:04,981 [ERROR] LogOutputStream:75 - [STDERR_REDIRECT] 
2026-04-18 17:17:05,978 [ERROR] LogOutputStream:75 - [STDERR_REDIRECT] [Fatal Error] :1:1: Premature end of file.
2026-04-18 17:17:05,978 [ERROR] LogOutputStream:75 - [STDERR_REDIRECT] 
2026-04-18 17:17:06,976 [ERROR] LogOutputStream:75 - [STDERR_REDIRECT] [Fatal Error] :1:1: Premature end of file.
2026-04-18 17:17:06,977 [ERROR] LogOutputStream:75 - [STDERR_REDIRECT] 
2026-04-18 17:17:07,977 [ERROR] LogOutputStream:75 - [STDERR_REDIRECT] [Fatal Error] :1:1: Premature end of file.
2026-04-18 17:17:07,979 [ERROR] LogOutputStream:75 - [STDERR_REDIRECT] 
2026-04-18 17:17:08,977 [ERROR] LogOutputStream:75 - [STDERR_REDIRECT] [Fatal Error] :1:1: Premature end of file.
2026-04-18 17:17:08,977 [ERROR] LogOutputStream:75 - [STDERR_REDIRECT] 
2026-04-18 17:17:09,978 [ERROR] LogOutputStream:75 - [STDERR_REDIRECT] [Fatal Error] :1:1: Premature end of file.
2026-04-18 17:17:09,980 [ERROR] LogOutputStream:75 - [STDERR_REDIRECT] 
2026-04-18 17:17:10,975 [ERROR] LogOutputStream:75 - [STDERR_REDIRECT] [Fatal Error] :1:1: Premature end of file.
2026-04-18 17:17:10,975 [ERROR] LogOutputStream:75 - [STDERR_REDIRECT] 
2026-04-18 17:17:11,976 [ERROR] LogOutputStream:75 - [STDERR_REDIRECT] [Fatal Error] :1:1: Premature end of file.
2026-04-18 17:17:11,976 [ERROR] LogOutputStream:75 - [STDERR_REDIRECT] 
2026-04-18 17:17:12,977 [ERROR] LogOutputStream:75 - [STDERR_REDIRECT] [Fatal Error] :1:1: Premature end of file.
2026-04-18 17:17:12,977 [ERROR] LogOutputStream:75 - [STDERR_REDIRECT] 
2026-04-18 17:17:13,980 [ERROR] LogOutputStream:75 - [STDERR_REDIRECT] [Fatal Error] :1:1: Premature end of file.
2026-04-18 17:17:13,980 [ERROR] LogOutputStream:75 - [STDERR_REDIRECT] 
2026-04-18 17:17:14,976 [ERROR] LogOutputStream:75 - [STDERR_REDIRECT] [Fatal Error] :1:1: Premature end of file.
2026-04-18 17:17:14,977 [ERROR] LogOutputStream:75 - [STDERR_REDIRECT] 
2026-04-18 17:17:15,977 [ERROR] LogOutputStream:75 - [STDERR_REDIRECT] [Fatal Error] :1:1: Premature end of file.
2026-04-18 17:17:15,977 [ERROR] LogOutputStream:75 - [STDERR_REDIRECT] 
2026-04-18 17:17:16,977 [ERROR] LogOutputStream:75 - [STDERR_REDIRECT] [Fatal Error] :1:1: Premature end of file.
2026-04-18 17:17:16,977 [ERROR] LogOutputStream:75 - [STDERR_REDIRECT] 
2026-04-18 17:17:17,978 [ERROR] LogOutputStream:75 - [STDERR_REDIRECT] [Fatal Error] :1:1: Premature end of file.
2026-04-18 17:17:17,978 [ERROR] LogOutputStream:75 - [STDERR_REDIRECT] 
2026-04-18 17:17:18,975 [ERROR] LogOutputStream:75 - [STDERR_REDIRECT] [Fatal Error] :1:1: Premature end of file.
2026-04-18 17:17:18,976 [ERROR] LogOutputStream:75 - [STDERR_REDIRECT] 
2026-04-18 17:17:19,978 [ERROR] LogOutputStream:75 - [STDERR_REDIRECT] [Fatal Error] :1:1: Premature end of file.
2026-04-18 17:17:19,979 [ERROR] LogOutputStream:75 - [STDERR_REDIRECT] 
2026-04-18 17:17:20,979 [ERROR] LogOutputStream:75 - [STDERR_REDIRECT] [Fatal Error] :1:1: Premature end of file.
2026-04-18 17:17:20,979 [ERROR] LogOutputStream:75 - [STDERR_REDIRECT] 
2026-04-18 17:17:21,980 [ERROR] LogOutputStream:75 - [STDERR_REDIRECT] [Fatal Error] :1:1: Premature end of file.
2026-04-18 17:17:21,980 [ERROR] LogOutputStream:75 - [STDERR_REDIRECT] 
2026-04-18 17:17:22,979 [ERROR] LogOutputStream:75 - [STDERR_REDIRECT] [Fatal Error] :1:1: Premature end of file.
2026-04-18 17:17:22,979 [ERROR] LogOutputStream:75 - [STDERR_REDIRECT] 
2026-04-18 17:17:23,977 [ERROR] LogOutputStream:75 - [STDERR_REDIRECT] [Fatal Error] :1:1: Premature end of file.
2026-04-18 17:17:23,978 [ERROR] LogOutputStream:75 - [STDERR_REDIRECT] 
2026-04-18 17:17:24,980 [ERROR] LogOutputStream:75 - [STDERR_REDIRECT] [Fatal Error] :1:1: Premature end of file.
2026-04-18 17:17:24,980 [ERROR] LogOutputStream:75 - [STDERR_REDIRECT] 
2026-04-18 17:17:25,978 [ERROR] LogOutputStream:75 - [STDERR_REDIRECT] [Fatal Error] :1:1: Premature end of file.
2026-04-18 17:17:25,978 [ERROR] LogOutputStream:75 - [STDERR_REDIRECT] 
2026-04-18 17:17:26,978 [ERROR] LogOutputStream:75 - [STDERR_REDIRECT] [Fatal Error] :1:1: Premature end of file.
2026-04-18 17:17:26,979 [ERROR] LogOutputStream:75 - [STDERR_REDIRECT] 
2026-04-18 17:17:27,980 [ERROR] LogOutputStream:75 - [STDERR_REDIRECT] [Fatal Error] :1:1: Premature end of file.
2026-04-18 17:17:27,980 [ERROR] LogOutputStream:75 - [STDERR_REDIRECT] 
2026-04-18 17:17:28,980 [ERROR] LogOutputStream:75 - [STDERR_REDIRECT] [Fatal Error] :1:1: Premature end of file.
2026-04-18 17:17:28,980 [ERROR] LogOutputStream:75 - [STDERR_REDIRECT] 
2026-04-18 17:17:29,987 [ERROR] LogOutputStream:75 - [STDERR_REDIRECT] [Fatal Error] :1:1: Premature end of file.
2026-04-18 17:17:29,987 [ERROR] LogOutputStream:75 - [STDERR_REDIRECT] 
2026-04-18 17:17:30,977 [ERROR] LogOutputStream:75 - [STDERR_REDIRECT] [Fatal Error] :1:1: Premature end of file.
2026-04-18 17:17:30,977 [ERROR] LogOutputStream:75 - [STDERR_REDIRECT] 
2026-04-18 17:17:31,979 [ERROR] LogOutputStream:75 - [STDERR_REDIRECT] [Fatal Error] :1:1: Premature end of file.
2026-04-18 17:17:31,979 [ERROR] LogOutputStream:75 - [STDERR_REDIRECT] 
2026-04-18 17:17:32,979 [ERROR] LogOutputStream:75 - [STDERR_REDIRECT] [Fatal Error] :1:1: Premature end of file.
2026-04-18 17:17:32,979 [ERROR] LogOutputStream:75 - [STDERR_REDIRECT] 
2026-04-18 17:17:33,978 [ERROR] LogOutputStream:75 - [STDERR_REDIRECT] [Fatal Error] :1:1: Premature end of file.
2026-04-18 17:17:33,978 [ERROR] LogOutputStream:75 - [STDERR_REDIRECT] 
2026-04-18 17:17:34,977 [ERROR] LogOutputStream:75 - [STDERR_REDIRECT] [Fatal Error] :1:1: Premature end of file.
2026-04-18 17:17:34,977 [ERROR] LogOutputStream:75 - [STDERR_REDIRECT] 
2026-04-18 17:17:35,979 [ERROR] LogOutputStream:75 - [STDERR_REDIRECT] [Fatal Error] :1:1: Premature end of file.
2026-04-18 17:17:35,980 [ERROR] LogOutputStream:75 - [STDERR_REDIRECT] 
2026-04-18 17:17:36,976 [ERROR] LogOutputStream:75 - [STDERR_REDIRECT] [Fatal Error] :1:1: Premature end of file.
2026-04-18 17:17:36,976 [ERROR] LogOutputStream:75 - [STDERR_REDIRECT] 
2026-04-18 17:17:37,981 [ERROR] LogOutputStream:75 - [STDERR_REDIRECT] [Fatal Error] :1:1: Premature end of file.
2026-04-18 17:17:37,981 [ERROR] LogOutputStream:75 - [STDERR_REDIRECT] 
2026-04-18 17:17:38,978 [ERROR] LogOutputStream:75 - [STDERR_REDIRECT] [Fatal Error] :1:1: Premature end of file.
2026-04-18 17:17:38,978 [ERROR] LogOutputStream:75 - [STDERR_REDIRECT] 
2026-04-18 17:17:39,977 [ERROR] LogOutputStream:75 - [STDERR_REDIRECT] [Fatal Error] :1:1: Premature end of file.
2026-04-18 17:17:39,977 [ERROR] LogOutputStream:75 - [STDERR_REDIRECT] 
2026-04-18 17:17:40,979 [ERROR] LogOutputStream:75 - [STDERR_REDIRECT] [Fatal Error] :1:1: Premature end of file.
2026-04-18 17:17:40,979 [ERROR] LogOutputStream:75 - [STDERR_REDIRECT] 
2026-04-18 17:17:41,977 [ERROR] LogOutputStream:75 - [STDERR_REDIRECT] [Fatal Error] :1:1: Premature end of file.
2026-04-18 17:17:41,977 [ERROR] LogOutputStream:75 - [STDERR_REDIRECT] 
2026-04-18 17:17:42,979 [ERROR] LogOutputStream:75 - [STDERR_REDIRECT] [Fatal Error] :1:1: Premature end of file.
2026-04-18 17:17:42,979 [ERROR] LogOutputStream:75 - [STDERR_REDIRECT] 
2026-04-18 17:17:43,977 [ERROR] LogOutputStream:75 - [STDERR_REDIRECT] [Fatal Error] :1:1: Premature end of file.
2026-04-18 17:17:43,977 [ERROR] LogOutputStream:75 - [STDERR_REDIRECT] 
2026-04-18 17:17:44,981 [ERROR] LogOutputStream:75 - [STDERR_REDIRECT] [Fatal Error] :1:1: Premature end of file.
2026-04-18 17:17:44,981 [ERROR] LogOutputStream:75 - [STDERR_REDIRECT] 
2026-04-18 17:17:45,971 [ERROR] LogOutputStream:75 - [STDERR_REDIRECT] [Fatal Error] :1:1: Premature end of file.
2026-04-18 17:17:45,971 [ERROR] LogOutputStream:75 - [STDERR_REDIRECT] 
2026-04-18 17:17:46,979 [ERROR] LogOutputStream:75 - [STDERR_REDIRECT] [Fatal Error] :1:1: Premature end of file.
2026-04-18 17:17:46,979 [ERROR] LogOutputStream:75 - [STDERR_REDIRECT] 
2026-04-18 17:17:47,978 [ERROR] LogOutputStream:75 - [STDERR_REDIRECT] [Fatal Error] :1:1: Premature end of file.
2026-04-18 17:17:47,978 [ERROR] LogOutputStream:75 - [STDERR_REDIRECT] 
2026-04-18 17:17:48,974 [ERROR] LogOutputStream:75 - [STDERR_REDIRECT] [Fatal Error] :1:1: Premature end of file.
2026-04-18 17:17:48,975 [ERROR] LogOutputStream:75 - [STDERR_REDIRECT] 
2026-04-18 17:17:49,978 [ERROR] LogOutputStream:75 - [STDERR_REDIRECT] [Fatal Error] :1:1: Premature end of file.
2026-04-18 17:17:49,978 [ERROR] LogOutputStream:75 - [STDERR_REDIRECT] 
2026-04-18 17:17:50,979 [ERROR] LogOutputStream:75 - [STDERR_REDIRECT] [Fatal Error] :1:1: Premature end of file.
2026-04-18 17:17:50,979 [ERROR] LogOutputStream:75 - [STDERR_REDIRECT] 
2026-04-18 17:17:51,980 [ERROR] LogOutputStream:75 - [STDERR_REDIRECT] [Fatal Error] :1:1: Premature end of file.
2026-04-18 17:17:51,980 [ERROR] LogOutputStream:75 - [STDERR_REDIRECT] 
2026-04-18 17:17:52,979 [ERROR] LogOutputStream:75 - [STDERR_REDIRECT] [Fatal Error] :1:1: Premature end of file.
2026-04-18 17:17:52,979 [ERROR] LogOutputStream:75 - [STDERR_REDIRECT] 
2026-04-18 17:17:53,979 [ERROR] LogOutputStream:75 - [STDERR_REDIRECT] [Fatal Error] :1:1: Premature end of file.
2026-04-18 17:17:53,980 [ERROR] LogOutputStream:75 - [STDERR_REDIRECT] 
2026-04-18 17:17:54,977 [ERROR] LogOutputStream:75 - [STDERR_REDIRECT] [Fatal Error] :1:1: Premature end of file.
2026-04-18 17:17:54,977 [ERROR] LogOutputStream:75 - [STDERR_REDIRECT] 
2026-04-18 17:17:55,974 [ERROR] LogOutputStream:75 - [STDERR_REDIRECT] [Fatal Error] :1:1: Premature end of file.
2026-04-18 17:17:55,974 [ERROR] LogOutputStream:75 - [STDERR_REDIRECT] 
2026-04-18 17:17:56,979 [ERROR] LogOutputStream:75 - [STDERR_REDIRECT] [Fatal Error] :1:1: Premature end of file.
2026-04-18 17:17:56,979 [ERROR] LogOutputStream:75 - [STDERR_REDIRECT] 
2026-04-18 17:17:57,978 [ERROR] LogOutputStream:75 - [STDERR_REDIRECT] [Fatal Error] :1:1: Premature end of file.
2026-04-18 17:17:57,978 [ERROR] LogOutputStream:75 - [STDERR_REDIRECT] 
2026-04-18 17:17:58,979 [ERROR] LogOutputStream:75 - [STDERR_REDIRECT] [Fatal Error] :1:1: Premature end of file.
2026-04-18 17:17:58,979 [ERROR] LogOutputStream:75 - [STDERR_REDIRECT] 
2026-04-18 17:17:59,981 [ERROR] LogOutputStream:75 - [STDERR_REDIRECT] [Fatal Error] :1:1: Premature end of file.
2026-04-18 17:17:59,981 [ERROR] LogOutputStream:75 - [STDERR_REDIRECT] 
2026-04-18 17:18:00,976 [ERROR] LogOutputStream:75 - [STDERR_REDIRECT] [Fatal Error] :1:1: Premature end of file.
2026-04-18 17:18:00,976 [ERROR] LogOutputStream:75 - [STDERR_REDIRECT] 
2026-04-18 17:18:01,978 [ERROR] LogOutputStream:75 - [STDERR_REDIRECT] [Fatal Error] :1:1: Premature end of file.
2026-04-18 17:18:01,978 [ERROR] LogOutputStream:75 - [STDERR_REDIRECT] 
2026-04-18 17:18:02,978 [ERROR] LogOutputStream:75 - [STDERR_REDIRECT] [Fatal Error] :1:1: Premature end of file.
2026-04-18 17:18:02,978 [ERROR] LogOutputStream:75 - [STDERR_REDIRECT] 
2026-04-18 17:18:03,978 [ERROR] LogOutputStream:75 - [STDERR_REDIRECT] [Fatal Error] :1:1: Premature end of file.
2026-04-18 17:18:03,978 [ERROR] LogOutputStream:75 - [STDERR_REDIRECT] 
2026-04-18 17:18:04,979 [ERROR] LogOutputStream:75 - [STDERR_REDIRECT] [Fatal Error] :1:1: Premature end of file.
2026-04-18 17:18:04,979 [ERROR] LogOutputStream:75 - [STDERR_REDIRECT] 
2026-04-18 17:18:05,979 [ERROR] LogOutputStream:75 - [STDERR_REDIRECT] [Fatal Error] :1:1: Premature end of file.
2026-04-18 17:18:05,979 [ERROR] LogOutputStream:75 - [STDERR_REDIRECT] 
2026-04-18 17:18:06,978 [ERROR] LogOutputStream:75 - [STDERR_REDIRECT] [Fatal Error] :1:1: Premature end of file.
2026-04-18 17:18:06,978 [ERROR] LogOutputStream:75 - [STDERR_REDIRECT] 
2026-04-18 17:18:07,977 [ERROR] LogOutputStream:75 - [STDERR_REDIRECT] [Fatal Error] :1:1: Premature end of file.
2026-04-18 17:18:07,978 [ERROR] LogOutputStream:75 - [STDERR_REDIRECT] 
2026-04-18 17:18:08,979 [ERROR] LogOutputStream:75 - [STDERR_REDIRECT] [Fatal Error] :1:1: Premature end of file.
2026-04-18 17:18:08,979 [ERROR] LogOutputStream:75 - [STDERR_REDIRECT] 
2026-04-18 17:18:09,976 [ERROR] LogOutputStream:75 - [STDERR_REDIRECT] [Fatal Error] :1:1: Premature end of file.
2026-04-18 17:18:09,976 [ERROR] LogOutputStream:75 - [STDERR_REDIRECT] 
2026-04-18 17:18:10,976 [ERROR] LogOutputStream:75 - [STDERR_REDIRECT] [Fatal Error] :1:1: Premature end of file.
2026-04-18 17:18:10,976 [ERROR] LogOutputStream:75 - [STDERR_REDIRECT] 
2026-04-18 17:18:11,979 [ERROR] LogOutputStream:75 - [STDERR_REDIRECT] [Fatal Error] :1:1: Premature end of file.
2026-04-18 17:18:11,979 [ERROR] LogOutputStream:75 - [STDERR_REDIRECT] 
2026-04-18 17:18:12,986 [ERROR] LogOutputStream:75 - [STDERR_REDIRECT] [Fatal Error] :1:1: Premature end of file.
2026-04-18 17:18:12,986 [ERROR] LogOutputStream:75 - [STDERR_REDIRECT] 
2026-04-18 17:18:13,980 [ERROR] LogOutputStream:75 - [STDERR_REDIRECT] [Fatal Error] :1:1: Premature end of file.
2026-04-18 17:18:13,980 [ERROR] LogOutputStream:75 - [STDERR_REDIRECT] 
2026-04-18 17:18:14,976 [ERROR] LogOutputStream:75 - [STDERR_REDIRECT] [Fatal Error] :1:1: Premature end of file.
2026-04-18 17:18:14,976 [ERROR] LogOutputStream:75 - [STDERR_REDIRECT] 
2026-04-18 17:18:15,980 [ERROR] LogOutputStream:75 - [STDERR_REDIRECT] [Fatal Error] :1:1: Premature end of file.
2026-04-18 17:18:15,980 [ERROR] LogOutputStream:75 - [STDERR_REDIRECT] 
2026-04-18 17:18:16,977 [ERROR] LogOutputStream:75 - [STDERR_REDIRECT] [Fatal Error] :1:1: Premature end of file.
2026-04-18 17:18:16,977 [ERROR] LogOutputStream:75 - [STDERR_REDIRECT] 
2026-04-18 17:18:17,977 [ERROR] LogOutputStream:75 - [STDERR_REDIRECT] [Fatal Error] :1:1: Premature end of file.
2026-04-18 17:18:17,977 [ERROR] LogOutputStream:75 - [STDERR_REDIRECT] 
2026-04-18 17:18:18,981 [ERROR] LogOutputStream:75 - [STDERR_REDIRECT] [Fatal Error] :1:1: Premature end of file.
2026-04-18 17:18:18,981 [ERROR] LogOutputStream:75 - [STDERR_REDIRECT] 
2026-04-18 17:18:19,978 [ERROR] LogOutputStream:75 - [STDERR_REDIRECT] [Fatal Error] :1:1: Premature end of file.
2026-04-18 17:18:19,978 [ERROR] LogOutputStream:75 - [STDERR_REDIRECT] 
2026-04-18 17:18:20,975 [ERROR] LogOutputStream:75 - [STDERR_REDIRECT] [Fatal Error] :1:1: Premature end of file.
2026-04-18 17:18:20,975 [ERROR] LogOutputStream:75 - [STDERR_REDIRECT] 
2026-04-18 17:18:21,979 [ERROR] LogOutputStream:75 - [STDERR_REDIRECT] [Fatal Error] :1:1: Premature end of file.
2026-04-18 17:18:21,979 [ERROR] LogOutputStream:75 - [STDERR_REDIRECT] 
2026-04-18 17:18:22,977 [ERROR] LogOutputStream:75 - [STDERR_REDIRECT] [Fatal Error] :1:1: Premature end of file.
2026-04-18 17:18:22,977 [ERROR] LogOutputStream:75 - [STDERR_REDIRECT] 
2026-04-18 17:18:23,980 [ERROR] LogOutputStream:75 - [STDERR_REDIRECT] [Fatal Error] :1:1: Premature end of file.
2026-04-18 17:18:23,980 [ERROR] LogOutputStream:75 - [STDERR_REDIRECT] 
2026-04-18 17:18:24,982 [ERROR] LogOutputStream:75 - [STDERR_REDIRECT] [Fatal Error] :1:1: Premature end of file.
2026-04-18 17:18:24,983 [ERROR] LogOutputStream:75 - [STDERR_REDIRECT] 
2026-04-18 17:18:25,978 [ERROR] LogOutputStream:75 - [STDERR_REDIRECT] [Fatal Error] :1:1: Premature end of file.
2026-04-18 17:18:25,978 [ERROR] LogOutputStream:75 - [STDERR_REDIRECT] 
2026-04-18 17:18:26,979 [ERROR] LogOutputStream:75 - [STDERR_REDIRECT] [Fatal Error] :1:1: Premature end of file.
2026-04-18 17:18:26,980 [ERROR] LogOutputStream:75 - [STDERR_REDIRECT] 
2026-04-18 17:18:27,979 [ERROR] LogOutputStream:75 - [STDERR_REDIRECT] [Fatal Error] :1:1: Premature end of file.
2026-04-18 17:18:27,979 [ERROR] LogOutputStream:75 - [STDERR_REDIRECT] 
2026-04-18 17:18:28,979 [ERROR] LogOutputStream:75 - [STDERR_REDIRECT] [Fatal Error] :1:1: Premature end of file.
2026-04-18 17:18:28,979 [ERROR] LogOutputStream:75 - [STDERR_REDIRECT] 
2026-04-18 17:18:29,979 [ERROR] LogOutputStream:75 - [STDERR_REDIRECT] [Fatal Error] :1:1: Premature end of file.
2026-04-18 17:18:29,979 [ERROR] LogOutputStream:75 - [STDERR_REDIRECT] 
2026-04-18 17:18:30,985 [ERROR] LogOutputStream:75 - [STDERR_REDIRECT] [Fatal Error] :1:1: Premature end of file.
2026-04-18 17:18:30,985 [ERROR] LogOutputStream:75 - [STDERR_REDIRECT] 
2026-04-18 17:18:31,979 [ERROR] LogOutputStream:75 - [STDERR_REDIRECT] [Fatal Error] :1:1: Premature end of file.
2026-04-18 17:18:31,979 [ERROR] LogOutputStream:75 - [STDERR_REDIRECT] 
2026-04-18 17:18:32,980 [ERROR] LogOutputStream:75 - [STDERR_REDIRECT] [Fatal Error] :1:1: Premature end of file.
2026-04-18 17:18:32,981 [ERROR] LogOutputStream:75 - [STDERR_REDIRECT] 
2026-04-18 17:18:33,980 [ERROR] LogOutputStream:75 - [STDERR_REDIRECT] [Fatal Error] :1:1: Premature end of file.
2026-04-18 17:18:33,980 [ERROR] LogOutputStream:75 - [STDERR_REDIRECT] 
2026-04-18 17:18:34,977 [ERROR] LogOutputStream:75 - [STDERR_REDIRECT] [Fatal Error] :1:1: Premature end of file.
2026-04-18 17:18:34,977 [ERROR] LogOutputStream:75 - [STDERR_REDIRECT] 
2026-04-18 17:18:35,979 [ERROR] LogOutputStream:75 - [STDERR_REDIRECT] [Fatal Error] :1:1: Premature end of file.
2026-04-18 17:18:35,979 [ERROR] LogOutputStream:75 - [STDERR_REDIRECT] 
2026-04-18 17:18:36,979 [ERROR] LogOutputStream:75 - [STDERR_REDIRECT] [Fatal Error] :1:1: Premature end of file.
2026-04-18 17:18:36,979 [ERROR] LogOutputStream:75 - [STDERR_REDIRECT] 
2026-04-18 17:18:37,981 [ERROR] LogOutputStream:75 - [STDERR_REDIRECT] [Fatal Error] :1:1: Premature end of file.
2026-04-18 17:18:37,981 [ERROR] LogOutputStream:75 - [STDERR_REDIRECT] 
2026-04-18 17:18:38,981 [ERROR] LogOutputStream:75 - [STDERR_REDIRECT] [Fatal Error] :1:1: Premature end of file.
2026-04-18 17:18:38,981 [ERROR] LogOutputStream:75 - [STDERR_REDIRECT] 
2026-04-18 17:18:39,981 [ERROR] LogOutputStream:75 - [STDERR_REDIRECT] [Fatal Error] :1:1: Premature end of file.
2026-04-18 17:18:39,981 [ERROR] LogOutputStream:75 - [STDERR_REDIRECT] 
2026-04-18 17:18:40,979 [ERROR] LogOutputStream:75 - [STDERR_REDIRECT] [Fatal Error] :1:1: Premature end of file.
2026-04-18 17:18:40,980 [ERROR] LogOutputStream:75 - [STDERR_REDIRECT] 
2026-04-18 17:18:41,977 [ERROR] LogOutputStream:75 - [STDERR_REDIRECT] [Fatal Error] :1:1: Premature end of file.
2026-04-18 17:18:41,977 [ERROR] LogOutputStream:75 - [STDERR_REDIRECT] 
2026-04-18 17:18:42,973 [ERROR] LogOutputStream:75 - [STDERR_REDIRECT] [Fatal Error] :1:1: Premature end of file.
2026-04-18 17:18:42,973 [ERROR] LogOutputStream:75 - [STDERR_REDIRECT] 
2026-04-18 17:18:43,971 [ERROR] LogOutputStream:75 - [STDERR_REDIRECT] [Fatal Error] :1:1: Premature end of file.
2026-04-18 17:18:43,971 [ERROR] LogOutputStream:75 - [STDERR_REDIRECT] 
2026-04-18 17:18:44,970 [ERROR] LogOutputStream:75 - [STDERR_REDIRECT] [Fatal Error] :1:1: Premature end of file.
2026-04-18 17:18:44,970 [ERROR] LogOutputStream:75 - [STDERR_REDIRECT] 
2026-04-18 17:18:45,973 [ERROR] LogOutputStream:75 - [STDERR_REDIRECT] [Fatal Error] :1:1: Premature end of file.
2026-04-18 17:18:45,973 [ERROR] LogOutputStream:75 - [STDERR_REDIRECT] 
2026-04-18 17:18:46,974 [ERROR] LogOutputStream:75 - [STDERR_REDIRECT] [Fatal Error] :1:1: Premature end of file.
2026-04-18 17:18:46,974 [ERROR] LogOutputStream:75 - [STDERR_REDIRECT] 
2026-04-18 17:18:47,972 [ERROR] LogOutputStream:75 - [STDERR_REDIRECT] [Fatal Error] :1:1: Premature end of file.
2026-04-18 17:18:47,972 [ERROR] LogOutputStream:75 - [STDERR_REDIRECT] 
2026-04-18 17:18:48,972 [ERROR] LogOutputStream:75 - [STDERR_REDIRECT] [Fatal Error] :1:1: Premature end of file.
2026-04-18 17:18:48,972 [ERROR] LogOutputStream:75 - [STDERR_REDIRECT] 
2026-04-18 17:18:49,969 [ERROR] LogOutputStream:75 - [STDERR_REDIRECT] [Fatal Error] :1:1: Premature end of file.
2026-04-18 17:18:49,969 [ERROR] LogOutputStream:75 - [STDERR_REDIRECT] 
2026-04-18 17:18:50,972 [ERROR] LogOutputStream:75 - [STDERR_REDIRECT] [Fatal Error] :1:1: Premature end of file.
2026-04-18 17:18:50,972 [ERROR] LogOutputStream:75 - [STDERR_REDIRECT] 
2026-04-18 17:18:51,973 [ERROR] LogOutputStream:75 - [STDERR_REDIRECT] [Fatal Error] :1:1: Premature end of file.
2026-04-18 17:18:51,973 [ERROR] LogOutputStream:75 - [STDERR_REDIRECT] 
2026-04-18 17:18:52,975 [ERROR] LogOutputStream:75 - [STDERR_REDIRECT] [Fatal Error] :1:1: Premature end of file.
2026-04-18 17:18:52,976 [ERROR] LogOutputStream:75 - [STDERR_REDIRECT] 
2026-04-18 17:18:53,990 [ERROR] LogOutputStream:75 - [STDERR_REDIRECT] [Fatal Error] :1:1: Premature end of file.
2026-04-18 17:18:53,990 [ERROR] LogOutputStream:75 - [STDERR_REDIRECT] 
2026-04-18 17:18:54,971 [ERROR] LogOutputStream:75 - [STDERR_REDIRECT] [Fatal Error] :1:1: Premature end of file.
2026-04-18 17:18:54,971 [ERROR] LogOutputStream:75 - [STDERR_REDIRECT] 
2026-04-18 17:18:55,971 [ERROR] LogOutputStream:75 - [STDERR_REDIRECT] [Fatal Error] :1:1: Premature end of file.
2026-04-18 17:18:55,971 [ERROR] LogOutputStream:75 - [STDERR_REDIRECT] 
2026-04-18 17:18:56,972 [ERROR] LogOutputStream:75 - [STDERR_REDIRECT] [Fatal Error] :1:1: Premature end of file.
2026-04-18 17:18:56,972 [ERROR] LogOutputStream:75 - [STDERR_REDIRECT] 
2026-04-18 17:18:57,971 [ERROR] LogOutputStream:75 - [STDERR_REDIRECT] [Fatal Error] :1:1: Premature end of file.
2026-04-18 17:18:57,971 [ERROR] LogOutputStream:75 - [STDERR_REDIRECT] 
2026-04-18 17:18:58,972 [ERROR] LogOutputStream:75 - [STDERR_REDIRECT] [Fatal Error] :1:1: Premature end of file.
2026-04-18 17:18:58,972 [ERROR] LogOutputStream:75 - [STDERR_REDIRECT] 
2026-04-18 17:18:59,971 [ERROR] LogOutputStream:75 - [STDERR_REDIRECT] [Fatal Error] :1:1: Premature end of file.
2026-04-18 17:18:59,971 [ERROR] LogOutputStream:75 - [STDERR_REDIRECT] 
2026-04-18 17:19:00,974 [ERROR] LogOutputStream:75 - [STDERR_REDIRECT] [Fatal Error] :1:1: Premature end of file.
2026-04-18 17:19:00,974 [ERROR] LogOutputStream:75 - [STDERR_REDIRECT] 
2026-04-18 17:19:01,973 [ERROR] LogOutputStream:75 - [STDERR_REDIRECT] [Fatal Error] :1:1: Premature end of file.
2026-04-18 17:19:01,974 [ERROR] LogOutputStream:75 - [STDERR_REDIRECT] 
2026-04-18 17:19:02,972 [ERROR] LogOutputStream:75 - [STDERR_REDIRECT] [Fatal Error] :1:1: Premature end of file.
2026-04-18 17:19:02,972 [ERROR] LogOutputStream:75 - [STDERR_REDIRECT] 
2026-04-18 17:19:03,971 [ERROR] LogOutputStream:75 - [STDERR_REDIRECT] [Fatal Error] :1:1: Premature end of file.
2026-04-18 17:19:03,971 [ERROR] LogOutputStream:75 - [STDERR_REDIRECT] 
2026-04-18 17:19:04,974 [ERROR] LogOutputStream:75 - [STDERR_REDIRECT] [Fatal Error] :1:1: Premature end of file.
2026-04-18 17:19:04,974 [ERROR] LogOutputStream:75 - [STDERR_REDIRECT] 
2026-04-18 17:19:05,970 [ERROR] LogOutputStream:75 - [STDERR_REDIRECT] [Fatal Error] :1:1: Premature end of file.
2026-04-18 17:19:05,970 [ERROR] LogOutputStream:75 - [STDERR_REDIRECT] 
2026-04-18 17:19:06,975 [ERROR] LogOutputStream:75 - [STDERR_REDIRECT] [Fatal Error] :1:1: Premature end of file.
2026-04-18 17:19:06,975 [ERROR] LogOutputStream:75 - [STDERR_REDIRECT] 
2026-04-18 17:19:07,972 [ERROR] LogOutputStream:75 - [STDERR_REDIRECT] [Fatal Error] :1:1: Premature end of file.
2026-04-18 17:19:07,972 [ERROR] LogOutputStream:75 - [STDERR_REDIRECT] 
2026-04-18 17:19:08,976 [ERROR] LogOutputStream:75 - [STDERR_REDIRECT] [Fatal Error] :1:1: Premature end of file.
2026-04-18 17:19:08,976 [ERROR] LogOutputStream:75 - [STDERR_REDIRECT] 
2026-04-18 17:19:09,970 [ERROR] LogOutputStream:75 - [STDERR_REDIRECT] [Fatal Error] :1:1: Premature end of file.
2026-04-18 17:19:09,970 [ERROR] LogOutputStream:75 - [STDERR_REDIRECT] 
2026-04-18 17:19:10,972 [ERROR] LogOutputStream:75 - [STDERR_REDIRECT] [Fatal Error] :1:1: Premature end of file.
2026-04-18 17:19:10,972 [ERROR] LogOutputStream:75 - [STDERR_REDIRECT] 
2026-04-18 17:19:11,973 [ERROR] LogOutputStream:75 - [STDERR_REDIRECT] [Fatal Error] :1:1: Premature end of file.
2026-04-18 17:19:11,973 [ERROR] LogOutputStream:75 - [STDERR_REDIRECT] 
2026-04-18 17:19:12,970 [ERROR] LogOutputStream:75 - [STDERR_REDIRECT] [Fatal Error] :1:1: Premature end of file.
2026-04-18 17:19:12,970 [ERROR] LogOutputStream:75 - [STDERR_REDIRECT] 
2026-04-18 17:19:13,975 [ERROR] LogOutputStream:75 - [STDERR_REDIRECT] [Fatal Error] :1:1: Premature end of file.
2026-04-18 17:19:13,975 [ERROR] LogOutputStream:75 - [STDERR_REDIRECT] 
2026-04-18 17:19:14,977 [ERROR] LogOutputStream:75 - [STDERR_REDIRECT] [Fatal Error] :1:1: Premature end of file.
2026-04-18 17:19:14,977 [ERROR] LogOutputStream:75 - [STDERR_REDIRECT] 
2026-04-18 17:19:15,970 [ERROR] LogOutputStream:75 - [STDERR_REDIRECT] [Fatal Error] :1:1: Premature end of file.
2026-04-18 17:19:15,970 [ERROR] LogOutputStream:75 - [STDERR_REDIRECT] 
2026-04-18 17:19:16,973 [ERROR] LogOutputStream:75 - [STDERR_REDIRECT] [Fatal Error] :1:1: Premature end of file.
2026-04-18 17:19:16,973 [ERROR] LogOutputStream:75 - [STDERR_REDIRECT] 
2026-04-18 17:19:17,970 [ERROR] LogOutputStream:75 - [STDERR_REDIRECT] [Fatal Error] :1:1: Premature end of file.
2026-04-18 17:19:17,971 [ERROR] LogOutputStream:75 - [STDERR_REDIRECT] 
2026-04-18 17:19:18,969 [ERROR] LogOutputStream:75 - [STDERR_REDIRECT] [Fatal Error] :1:1: Premature end of file.
2026-04-18 17:19:18,969 [ERROR] LogOutputStream:75 - [STDERR_REDIRECT] 
2026-04-18 17:19:19,973 [ERROR] LogOutputStream:75 - [STDERR_REDIRECT] [Fatal Error] :1:1: Premature end of file.
2026-04-18 17:19:19,973 [ERROR] LogOutputStream:75 - [STDERR_REDIRECT] 
2026-04-18 17:19:20,972 [ERROR] LogOutputStream:75 - [STDERR_REDIRECT] [Fatal Error] :1:1: Premature end of file.
2026-04-18 17:19:20,972 [ERROR] LogOutputStream:75 - [STDERR_REDIRECT] 
2026-04-18 17:19:21,970 [ERROR] LogOutputStream:75 - [STDERR_REDIRECT] [Fatal Error] :1:1: Premature end of file.
2026-04-18 17:19:21,970 [ERROR] LogOutputStream:75 - [STDERR_REDIRECT] 
2026-04-18 17:19:22,972 [ERROR] LogOutputStream:75 - [STDERR_REDIRECT] [Fatal Error] :1:1: Premature end of file.
2026-04-18 17:19:22,972 [ERROR] LogOutputStream:75 - [STDERR_REDIRECT] 
2026-04-18 17:19:23,971 [ERROR] LogOutputStream:75 - [STDERR_REDIRECT] [Fatal Error] :1:1: Premature end of file.
2026-04-18 17:19:23,971 [ERROR] LogOutputStream:75 - [STDERR_REDIRECT] 
2026-04-18 17:19:24,971 [ERROR] LogOutputStream:75 - [STDERR_REDIRECT] [Fatal Error] :1:1: Premature end of file.
2026-04-18 17:19:24,971 [ERROR] LogOutputStream:75 - [STDERR_REDIRECT] 
2026-04-18 17:19:25,974 [ERROR] LogOutputStream:75 - [STDERR_REDIRECT] [Fatal Error] :1:1: Premature end of file.
2026-04-18 17:19:25,974 [ERROR] LogOutputStream:75 - [STDERR_REDIRECT] 
2026-04-18 17:19:26,972 [ERROR] LogOutputStream:75 - [STDERR_REDIRECT] [Fatal Error] :1:1: Premature end of file.
2026-04-18 17:19:26,972 [ERROR] LogOutputStream:75 - [STDERR_REDIRECT] 
2026-04-18 17:19:27,971 [ERROR] LogOutputStream:75 - [STDERR_REDIRECT] [Fatal Error] :1:1: Premature end of file.
2026-04-18 17:19:27,972 [ERROR] LogOutputStream:75 - [STDERR_REDIRECT] 
2026-04-18 17:19:28,970 [ERROR] LogOutputStream:75 - [STDERR_REDIRECT] [Fatal Error] :1:1: Premature end of file.
2026-04-18 17:19:28,970 [ERROR] LogOutputStream:75 - [STDERR_REDIRECT] 
2026-04-18 17:19:29,971 [ERROR] LogOutputStream:75 - [STDERR_REDIRECT] [Fatal Error] :1:1: Premature end of file.
2026-04-18 17:19:29,971 [ERROR] LogOutputStream:75 - [STDERR_REDIRECT] 
2026-04-18 17:19:30,971 [ERROR] LogOutputStream:75 - [STDERR_REDIRECT] [Fatal Error] :1:1: Premature end of file.
2026-04-18 17:19:30,971 [ERROR] LogOutputStream:75 - [STDERR_REDIRECT] 
2026-04-18 17:19:31,971 [ERROR] LogOutputStream:75 - [STDERR_REDIRECT] [Fatal Error] :1:1: Premature end of file.
2026-04-18 17:19:31,971 [ERROR] LogOutputStream:75 - [STDERR_REDIRECT] 
2026-04-18 17:19:32,972 [ERROR] LogOutputStream:75 - [STDERR_REDIRECT] [Fatal Error] :1:1: Premature end of file.
2026-04-18 17:19:32,972 [ERROR] LogOutputStream:75 - [STDERR_REDIRECT] 
2026-04-18 17:19:33,974 [ERROR] LogOutputStream:75 - [STDERR_REDIRECT] [Fatal Error] :1:1: Premature end of file.
2026-04-18 17:19:33,974 [ERROR] LogOutputStream:75 - [STDERR_REDIRECT] 
2026-04-18 17:19:34,978 [ERROR] LogOutputStream:75 - [STDERR_REDIRECT] [Fatal Error] :1:1: Premature end of file.
2026-04-18 17:19:34,978 [ERROR] LogOutputStream:75 - [STDERR_REDIRECT] 
2026-04-18 17:19:35,971 [ERROR] LogOutputStream:75 - [STDERR_REDIRECT] [Fatal Error] :1:1: Premature end of file.
2026-04-18 17:19:35,971 [ERROR] LogOutputStream:75 - [STDERR_REDIRECT] 
2026-04-18 17:19:36,969 [ERROR] LogOutputStream:75 - [STDERR_REDIRECT] [Fatal Error] :1:1: Premature end of file.
2026-04-18 17:19:36,969 [ERROR] LogOutputStream:75 - [STDERR_REDIRECT] 
2026-04-18 17:19:37,971 [ERROR] LogOutputStream:75 - [STDERR_REDIRECT] [Fatal Error] :1:1: Premature end of file.
2026-04-18 17:19:37,971 [ERROR] LogOutputStream:75 - [STDERR_REDIRECT] 
2026-04-18 17:19:38,969 [ERROR] LogOutputStream:75 - [STDERR_REDIRECT] [Fatal Error] :1:1: Premature end of file.
2026-04-18 17:19:38,971 [ERROR] LogOutputStream:75 - [STDERR_REDIRECT] 
2026-04-18 17:19:39,974 [ERROR] LogOutputStream:75 - [STDERR_REDIRECT] [Fatal Error] :1:1: Premature end of file.
2026-04-18 17:19:39,975 [ERROR] LogOutputStream:75 - [STDERR_REDIRECT] 
2026-04-18 17:19:40,973 [ERROR] LogOutputStream:75 - [STDERR_REDIRECT] [Fatal Error] :1:1: Premature end of file.
2026-04-18 17:19:40,974 [ERROR] LogOutputStream:75 - [STDERR_REDIRECT] 
2026-04-18 17:19:41,971 [ERROR] LogOutputStream:75 - [STDERR_REDIRECT] [Fatal Error] :1:1: Premature end of file.
2026-04-18 17:19:41,972 [ERROR] LogOutputStream:75 - [STDERR_REDIRECT] 
2026-04-18 17:19:42,976 [ERROR] LogOutputStream:75 - [STDERR_REDIRECT] [Fatal Error] :1:1: Premature end of file.
2026-04-18 17:19:42,976 [ERROR] LogOutputStream:75 - [STDERR_REDIRECT] 
2026-04-18 17:19:43,973 [ERROR] LogOutputStream:75 - [STDERR_REDIRECT] [Fatal Error] :1:1: Premature end of file.
2026-04-18 17:19:43,973 [ERROR] LogOutputStream:75 - [STDERR_REDIRECT] 
2026-04-18 17:19:44,973 [ERROR] LogOutputStream:75 - [STDERR_REDIRECT] [Fatal Error] :1:1: Premature end of file.
2026-04-18 17:19:44,973 [ERROR] LogOutputStream:75 - [STDERR_REDIRECT] 
2026-04-18 17:19:45,972 [ERROR] LogOutputStream:75 - [STDERR_REDIRECT] [Fatal Error] :1:1: Premature end of file.
2026-04-18 17:19:45,973 [ERROR] LogOutputStream:75 - [STDERR_REDIRECT] 
2026-04-18 17:19:46,970 [ERROR] LogOutputStream:75 - [STDERR_REDIRECT] [Fatal Error] :1:1: Premature end of file.
2026-04-18 17:19:46,970 [ERROR] LogOutputStream:75 - [STDERR_REDIRECT] 
2026-04-18 17:19:47,970 [ERROR] LogOutputStream:75 - [STDERR_REDIRECT] [Fatal Error] :1:1: Premature end of file.
2026-04-18 17:19:47,971 [ERROR] LogOutputStream:75 - [STDERR_REDIRECT] 
2026-04-18 17:19:48,971 [ERROR] LogOutputStream:75 - [STDERR_REDIRECT] [Fatal Error] :1:1: Premature end of file.
2026-04-18 17:19:48,971 [ERROR] LogOutputStream:75 - [STDERR_REDIRECT] 
2026-04-18 17:19:49,973 [ERROR] LogOutputStream:75 - [STDERR_REDIRECT] [Fatal Error] :1:1: Premature end of file.
2026-04-18 17:19:49,973 [ERROR] LogOutputStream:75 - [STDERR_REDIRECT] 
2026-04-18 17:19:50,968 [ERROR] LogOutputStream:75 - [STDERR_REDIRECT] [Fatal Error] :1:1: Premature end of file.
2026-04-18 17:19:50,968 [ERROR] LogOutputStream:75 - [STDERR_REDIRECT] 
2026-04-18 17:19:51,970 [ERROR] LogOutputStream:75 - [STDERR_REDIRECT] [Fatal Error] :1:1: Premature end of file.
2026-04-18 17:19:51,970 [ERROR] LogOutputStream:75 - [STDERR_REDIRECT] 
2026-04-18 17:19:52,970 [ERROR] LogOutputStream:75 - [STDERR_REDIRECT] [Fatal Error] :1:1: Premature end of file.
2026-04-18 17:19:52,970 [ERROR] LogOutputStream:75 - [STDERR_REDIRECT] 
2026-04-18 17:19:53,970 [ERROR] LogOutputStream:75 - [STDERR_REDIRECT] [Fatal Error] :1:1: Premature end of file.
2026-04-18 17:19:53,970 [ERROR] LogOutputStream:75 - [STDERR_REDIRECT] 
2026-04-18 17:19:54,977 [ERROR] LogOutputStream:75 - [STDERR_REDIRECT] [Fatal Error] :1:1: Premature end of file.
2026-04-18 17:19:54,977 [ERROR] LogOutputStream:75 - [STDERR_REDIRECT] 
2026-04-18 17:19:55,975 [ERROR] LogOutputStream:75 - [STDERR_REDIRECT] [Fatal Error] :1:1: Premature end of file.
2026-04-18 17:19:55,975 [ERROR] LogOutputStream:75 - [STDERR_REDIRECT] 
2026-04-18 17:19:56,976 [ERROR] LogOutputStream:75 - [STDERR_REDIRECT] [Fatal Error] :1:1: Premature end of file.
2026-04-18 17:19:56,976 [ERROR] LogOutputStream:75 - [STDERR_REDIRECT] 
2026-04-18 17:19:57,977 [ERROR] LogOutputStream:75 - [STDERR_REDIRECT] [Fatal Error] :1:1: Premature end of file.
2026-04-18 17:19:57,977 [ERROR] LogOutputStream:75 - [STDERR_REDIRECT] 
2026-04-18 17:19:58,977 [ERROR] LogOutputStream:75 - [STDERR_REDIRECT] [Fatal Error] :1:1: Premature end of file.
2026-04-18 17:19:58,977 [ERROR] LogOutputStream:75 - [STDERR_REDIRECT] 
2026-04-18 17:19:59,975 [ERROR] LogOutputStream:75 - [STDERR_REDIRECT] [Fatal Error] :1:1: Premature end of file.
2026-04-18 17:19:59,975 [ERROR] LogOutputStream:75 - [STDERR_REDIRECT] 
2026-04-18 17:20:00,975 [ERROR] LogOutputStream:75 - [STDERR_REDIRECT] [Fatal Error] :1:1: Premature end of file.
2026-04-18 17:20:00,976 [ERROR] LogOutputStream:75 - [STDERR_REDIRECT] 
2026-04-18 17:20:01,975 [ERROR] LogOutputStream:75 - [STDERR_REDIRECT] [Fatal Error] :1:1: Premature end of file.
2026-04-18 17:20:01,975 [ERROR] LogOutputStream:75 - [STDERR_REDIRECT] 
2026-04-18 17:20:02,973 [ERROR] LogOutputStream:75 - [STDERR_REDIRECT] [Fatal Error] :1:1: Premature end of file.
2026-04-18 17:20:02,973 [ERROR] LogOutputStream:75 - [STDERR_REDIRECT] 
2026-04-18 17:20:03,976 [ERROR] LogOutputStream:75 - [STDERR_REDIRECT] [Fatal Error] :1:1: Premature end of file.
2026-04-18 17:20:03,976 [ERROR] LogOutputStream:75 - [STDERR_REDIRECT] 
2026-04-18 17:20:04,976 [ERROR] LogOutputStream:75 - [STDERR_REDIRECT] [Fatal Error] :1:1: Premature end of file.
2026-04-18 17:20:04,976 [ERROR] LogOutputStream:75 - [STDERR_REDIRECT] 
2026-04-18 17:20:05,973 [ERROR] LogOutputStream:75 - [STDERR_REDIRECT] [Fatal Error] :1:1: Premature end of file.
2026-04-18 17:20:05,973 [ERROR] LogOutputStream:75 - [STDERR_REDIRECT] 
2026-04-18 17:20:06,978 [ERROR] LogOutputStream:75 - [STDERR_REDIRECT] [Fatal Error] :1:1: Premature end of file.
2026-04-18 17:20:06,979 [ERROR] LogOutputStream:75 - [STDERR_REDIRECT] 
2026-04-18 17:20:07,975 [ERROR] LogOutputStream:75 - [STDERR_REDIRECT] [Fatal Error] :1:1: Premature end of file.
2026-04-18 17:20:07,975 [ERROR] LogOutputStream:75 - [STDERR_REDIRECT] 
2026-04-18 17:20:08,976 [ERROR] LogOutputStream:75 - [STDERR_REDIRECT] [Fatal Error] :1:1: Premature end of file.
2026-04-18 17:20:08,976 [ERROR] LogOutputStream:75 - [STDERR_REDIRECT] 
2026-04-18 17:20:09,972 [ERROR] LogOutputStream:75 - [STDERR_REDIRECT] [Fatal Error] :1:1: Premature end of file.
2026-04-18 17:20:09,972 [ERROR] LogOutputStream:75 - [STDERR_REDIRECT] 
2026-04-18 17:20:10,978 [ERROR] LogOutputStream:75 - [STDERR_REDIRECT] [Fatal Error] :1:1: Premature end of file.
2026-04-18 17:20:10,978 [ERROR] LogOutputStream:75 - [STDERR_REDIRECT] 
2026-04-18 17:20:11,975 [ERROR] LogOutputStream:75 - [STDERR_REDIRECT] [Fatal Error] :1:1: Premature end of file.
2026-04-18 17:20:11,975 [ERROR] LogOutputStream:75 - [STDERR_REDIRECT] 
2026-04-18 17:20:12,976 [ERROR] LogOutputStream:75 - [STDERR_REDIRECT] [Fatal Error] :1:1: Premature end of file.
2026-04-18 17:20:12,976 [ERROR] LogOutputStream:75 - [STDERR_REDIRECT] 
2026-04-18 17:20:13,973 [ERROR] LogOutputStream:75 - [STDERR_REDIRECT] [Fatal Error] :1:1: Premature end of file.
2026-04-18 17:20:13,973 [ERROR] LogOutputStream:75 - [STDERR_REDIRECT] 
2026-04-18 17:20:14,976 [ERROR] LogOutputStream:75 - [STDERR_REDIRECT] [Fatal Error] :1:1: Premature end of file.
2026-04-18 17:20:14,976 [ERROR] LogOutputStream:75 - [STDERR_REDIRECT] 
2026-04-18 17:20:15,974 [ERROR] LogOutputStream:75 - [STDERR_REDIRECT] [Fatal Error] :1:1: Premature end of file.
2026-04-18 17:20:15,974 [ERROR] LogOutputStream:75 - [STDERR_REDIRECT] 
2026-04-18 17:20:16,974 [ERROR] LogOutputStream:75 - [STDERR_REDIRECT] [Fatal Error] :1:1: Premature end of file.
2026-04-18 17:20:16,974 [ERROR] LogOutputStream:75 - [STDERR_REDIRECT] 
2026-04-18 17:20:17,976 [ERROR] LogOutputStream:75 - [STDERR_REDIRECT] [Fatal Error] :1:1: Premature end of file.
2026-04-18 17:20:17,976 [ERROR] LogOutputStream:75 - [STDERR_REDIRECT] 
2026-04-18 17:20:18,978 [ERROR] LogOutputStream:75 - [STDERR_REDIRECT] [Fatal Error] :1:1: Premature end of file.
2026-04-18 17:20:18,979 [ERROR] LogOutputStream:75 - [STDERR_REDIRECT] 
2026-04-18 17:20:19,978 [ERROR] LogOutputStream:75 - [STDERR_REDIRECT] [Fatal Error] :1:1: Premature end of file.
2026-04-18 17:20:19,978 [ERROR] LogOutputStream:75 - [STDERR_REDIRECT] 
2026-04-18 17:20:20,973 [ERROR] LogOutputStream:75 - [STDERR_REDIRECT] [Fatal Error] :1:1: Premature end of file.
2026-04-18 17:20:20,973 [ERROR] LogOutputStream:75 - [STDERR_REDIRECT] 
2026-04-18 17:20:21,977 [ERROR] LogOutputStream:75 - [STDERR_REDIRECT] [Fatal Error] :1:1: Premature end of file.
2026-04-18 17:20:21,977 [ERROR] LogOutputStream:75 - [STDERR_REDIRECT] 
2026-04-18 17:20:22,977 [ERROR] LogOutputStream:75 - [STDERR_REDIRECT] [Fatal Error] :1:1: Premature end of file.
2026-04-18 17:20:22,977 [ERROR] LogOutputStream:75 - [STDERR_REDIRECT] 
2026-04-18 17:20:23,978 [ERROR] LogOutputStream:75 - [STDERR_REDIRECT] [Fatal Error] :1:1: Premature end of file.
2026-04-18 17:20:23,978 [ERROR] LogOutputStream:75 - [STDERR_REDIRECT] 
2026-04-18 17:20:24,979 [ERROR] LogOutputStream:75 - [STDERR_REDIRECT] [Fatal Error] :1:1: Premature end of file.
2026-04-18 17:20:24,979 [ERROR] LogOutputStream:75 - [STDERR_REDIRECT] 
2026-04-18 17:20:25,976 [ERROR] LogOutputStream:75 - [STDERR_REDIRECT] [Fatal Error] :1:1: Premature end of file.
2026-04-18 17:20:25,976 [ERROR] LogOutputStream:75 - [STDERR_REDIRECT] 
2026-04-18 17:20:26,975 [ERROR] LogOutputStream:75 - [STDERR_REDIRECT] [Fatal Error] :1:1: Premature end of file.
2026-04-18 17:20:26,975 [ERROR] LogOutputStream:75 - [STDERR_REDIRECT] 
2026-04-18 17:20:27,976 [ERROR] LogOutputStream:75 - [STDERR_REDIRECT] [Fatal Error] :1:1: Premature end of file.
2026-04-18 17:20:27,976 [ERROR] LogOutputStream:75 - [STDERR_REDIRECT] 
2026-04-18 17:20:28,978 [ERROR] LogOutputStream:75 - [STDERR_REDIRECT] [Fatal Error] :1:1: Premature end of file.
2026-04-18 17:20:28,978 [ERROR] LogOutputStream:75 - [STDERR_REDIRECT] 
2026-04-18 17:20:29,981 [ERROR] LogOutputStream:75 - [STDERR_REDIRECT] [Fatal Error] :1:1: Premature end of file.
2026-04-18 17:20:29,981 [ERROR] LogOutputStream:75 - [STDERR_REDIRECT] 
2026-04-18 17:20:30,976 [ERROR] LogOutputStream:75 - [STDERR_REDIRECT] [Fatal Error] :1:1: Premature end of file.
2026-04-18 17:20:30,976 [ERROR] LogOutputStream:75 - [STDERR_REDIRECT] 
2026-04-18 17:20:31,978 [ERROR] LogOutputStream:75 - [STDERR_REDIRECT] [Fatal Error] :1:1: Premature end of file.
2026-04-18 17:20:31,979 [ERROR] LogOutputStream:75 - [STDERR_REDIRECT] 
2026-04-18 17:20:32,974 [ERROR] LogOutputStream:75 - [STDERR_REDIRECT] [Fatal Error] :1:1: Premature end of file.
2026-04-18 17:20:32,974 [ERROR] LogOutputStream:75 - [STDERR_REDIRECT] 
2026-04-18 17:20:33,977 [ERROR] LogOutputStream:75 - [STDERR_REDIRECT] [Fatal Error] :1:1: Premature end of file.
2026-04-18 17:20:33,977 [ERROR] LogOutputStream:75 - [STDERR_REDIRECT] 
2026-04-18 17:20:34,974 [ERROR] LogOutputStream:75 - [STDERR_REDIRECT] [Fatal Error] :1:1: Premature end of file.
2026-04-18 17:20:34,974 [ERROR] LogOutputStream:75 - [STDERR_REDIRECT] 
2026-04-18 17:20:35,974 [ERROR] LogOutputStream:75 - [STDERR_REDIRECT] [Fatal Error] :1:1: Premature end of file.
2026-04-18 17:20:35,974 [ERROR] LogOutputStream:75 - [STDERR_REDIRECT] 
2026-04-18 17:20:36,976 [ERROR] LogOutputStream:75 - [STDERR_REDIRECT] [Fatal Error] :1:1: Premature end of file.
2026-04-18 17:20:36,976 [ERROR] LogOutputStream:75 - [STDERR_REDIRECT] 
2026-04-18 17:20:37,981 [ERROR] LogOutputStream:75 - [STDERR_REDIRECT] [Fatal Error] :1:1: Premature end of file.
2026-04-18 17:20:37,981 [ERROR] LogOutputStream:75 - [STDERR_REDIRECT] 
2026-04-18 17:20:38,973 [ERROR] LogOutputStream:75 - [STDERR_REDIRECT] [Fatal Error] :1:1: Premature end of file.
2026-04-18 17:20:38,973 [ERROR] LogOutputStream:75 - [STDERR_REDIRECT] 
2026-04-18 17:20:39,979 [ERROR] LogOutputStream:75 - [STDERR_REDIRECT] [Fatal Error] :1:1: Premature end of file.
2026-04-18 17:20:39,979 [ERROR] LogOutputStream:75 - [STDERR_REDIRECT] 
2026-04-18 17:20:40,974 [ERROR] LogOutputStream:75 - [STDERR_REDIRECT] [Fatal Error] :1:1: Premature end of file.
2026-04-18 17:20:40,974 [ERROR] LogOutputStream:75 - [STDERR_REDIRECT] 
2026-04-18 17:20:41,976 [ERROR] LogOutputStream:75 - [STDERR_REDIRECT] [Fatal Error] :1:1: Premature end of file.
2026-04-18 17:20:41,976 [ERROR] LogOutputStream:75 - [STDERR_REDIRECT] 
2026-04-18 17:20:42,976 [ERROR] LogOutputStream:75 - [STDERR_REDIRECT] [Fatal Error] :1:1: Premature end of file.
2026-04-18 17:20:42,976 [ERROR] LogOutputStream:75 - [STDERR_REDIRECT] 
2026-04-18 17:20:43,976 [ERROR] LogOutputStream:75 - [STDERR_REDIRECT] [Fatal Error] :1:1: Premature end of file.
2026-04-18 17:20:43,976 [ERROR] LogOutputStream:75 - [STDERR_REDIRECT] 
2026-04-18 17:20:44,973 [ERROR] LogOutputStream:75 - [STDERR_REDIRECT] [Fatal Error] :1:1: Premature end of file.
2026-04-18 17:20:44,973 [ERROR] LogOutputStream:75 - [STDERR_REDIRECT] 
2026-04-18 17:20:45,974 [ERROR] LogOutputStream:75 - [STDERR_REDIRECT] [Fatal Error] :1:1: Premature end of file.
2026-04-18 17:20:45,974 [ERROR] LogOutputStream:75 - [STDERR_REDIRECT] 
2026-04-18 17:20:46,975 [ERROR] LogOutputStream:75 - [STDERR_REDIRECT] [Fatal Error] :1:1: Premature end of file.
2026-04-18 17:20:46,975 [ERROR] LogOutputStream:75 - [STDERR_REDIRECT] 
2026-04-18 17:20:47,973 [ERROR] LogOutputStream:75 - [STDERR_REDIRECT] [Fatal Error] :1:1: Premature end of file.
2026-04-18 17:20:47,973 [ERROR] LogOutputStream:75 - [STDERR_REDIRECT] 
2026-04-18 17:20:48,976 [ERROR] LogOutputStream:75 - [STDERR_REDIRECT] [Fatal Error] :1:1: Premature end of file.
2026-04-18 17:20:48,976 [ERROR] LogOutputStream:75 - [STDERR_REDIRECT] 
2026-04-18 17:20:49,977 [ERROR] LogOutputStream:75 - [STDERR_REDIRECT] [Fatal Error] :1:1: Premature end of file.
2026-04-18 17:20:49,977 [ERROR] LogOutputStream:75 - [STDERR_REDIRECT] 
2026-04-18 17:20:50,974 [ERROR] LogOutputStream:75 - [STDERR_REDIRECT] [Fatal Error] :1:1: Premature end of file.
2026-04-18 17:20:50,974 [ERROR] LogOutputStream:75 - [STDERR_REDIRECT] 
2026-04-18 17:20:51,976 [ERROR] LogOutputStream:75 - [STDERR_REDIRECT] [Fatal Error] :1:1: Premature end of file.
2026-04-18 17:20:51,977 [ERROR] LogOutputStream:75 - [STDERR_REDIRECT] 
2026-04-18 17:20:52,976 [ERROR] LogOutputStream:75 - [STDERR_REDIRECT] [Fatal Error] :1:1: Premature end of file.
2026-04-18 17:20:52,976 [ERROR] LogOutputStream:75 - [STDERR_REDIRECT] 
2026-04-18 17:20:53,975 [ERROR] LogOutputStream:75 - [STDERR_REDIRECT] [Fatal Error] :1:1: Premature end of file.
2026-04-18 17:20:53,975 [ERROR] LogOutputStream:75 - [STDERR_REDIRECT] 
2026-04-18 17:20:54,976 [ERROR] LogOutputStream:75 - [STDERR_REDIRECT] [Fatal Error] :1:1: Premature end of file.
2026-04-18 17:20:54,976 [ERROR] LogOutputStream:75 - [STDERR_REDIRECT] 
2026-04-18 17:20:55,976 [ERROR] LogOutputStream:75 - [STDERR_REDIRECT] [Fatal Error] :1:1: Premature end of file.
2026-04-18 17:20:55,976 [ERROR] LogOutputStream:75 - [STDERR_REDIRECT] 
2026-04-18 17:20:56,981 [ERROR] LogOutputStream:75 - [STDERR_REDIRECT] [Fatal Error] :1:1: Premature end of file.
2026-04-18 17:20:56,981 [ERROR] LogOutputStream:75 - [STDERR_REDIRECT] 
2026-04-18 17:20:57,979 [ERROR] LogOutputStream:75 - [STDERR_REDIRECT] [Fatal Error] :1:1: Premature end of file.
2026-04-18 17:20:57,979 [ERROR] LogOutputStream:75 - [STDERR_REDIRECT] 
2026-04-18 17:20:58,974 [ERROR] LogOutputStream:75 - [STDERR_REDIRECT] [Fatal Error] :1:1: Premature end of file.
2026-04-18 17:20:58,974 [ERROR] LogOutputStream:75 - [STDERR_REDIRECT] 
2026-04-18 17:20:59,979 [ERROR] LogOutputStream:75 - [STDERR_REDIRECT] [Fatal Error] :1:1: Premature end of file.
2026-04-18 17:20:59,979 [ERROR] LogOutputStream:75 - [STDERR_REDIRECT] 
2026-04-18 17:21:00,979 [ERROR] LogOutputStream:75 - [STDERR_REDIRECT] [Fatal Error] :1:1: Premature end of file.
2026-04-18 17:21:00,979 [ERROR] LogOutputStream:75 - [STDERR_REDIRECT] 
2026-04-18 17:21:01,974 [ERROR] LogOutputStream:75 - [STDERR_REDIRECT] [Fatal Error] :1:1: Premature end of file.
2026-04-18 17:21:01,974 [ERROR] LogOutputStream:75 - [STDERR_REDIRECT] 
2026-04-18 17:21:02,975 [ERROR] LogOutputStream:75 - [STDERR_REDIRECT] [Fatal Error] :1:1: Premature end of file.
2026-04-18 17:21:02,975 [ERROR] LogOutputStream:75 - [STDERR_REDIRECT] 
2026-04-18 17:21:03,976 [ERROR] LogOutputStream:75 - [STDERR_REDIRECT] [Fatal Error] :1:1: Premature end of file.
2026-04-18 17:21:03,976 [ERROR] LogOutputStream:75 - [STDERR_REDIRECT] 
2026-04-18 17:21:04,976 [ERROR] LogOutputStream:75 - [STDERR_REDIRECT] [Fatal Error] :1:1: Premature end of file.
2026-04-18 17:21:04,976 [ERROR] LogOutputStream:75 - [STDERR_REDIRECT] 
2026-04-18 17:21:05,976 [ERROR] LogOutputStream:75 - [STDERR_REDIRECT] [Fatal Error] :1:1: Premature end of file.
2026-04-18 17:21:05,976 [ERROR] LogOutputStream:75 - [STDERR_REDIRECT] 
2026-04-18 17:21:06,975 [ERROR] LogOutputStream:75 - [STDERR_REDIRECT] [Fatal Error] :1:1: Premature end of file.
2026-04-18 17:21:06,975 [ERROR] LogOutputStream:75 - [STDERR_REDIRECT] 
2026-04-18 17:21:07,974 [ERROR] LogOutputStream:75 - [STDERR_REDIRECT] [Fatal Error] :1:1: Premature end of file.
2026-04-18 17:21:07,974 [ERROR] LogOutputStream:75 - [STDERR_REDIRECT] 
2026-04-18 17:21:08,978 [ERROR] LogOutputStream:75 - [STDERR_REDIRECT] [Fatal Error] :1:1: Premature end of file.
2026-04-18 17:21:08,979 [ERROR] LogOutputStream:75 - [STDERR_REDIRECT] 
2026-04-18 17:21:09,976 [ERROR] LogOutputStream:75 - [STDERR_REDIRECT] [Fatal Error] :1:1: Premature end of file.
2026-04-18 17:21:09,976 [ERROR] LogOutputStream:75 - [STDERR_REDIRECT] 
2026-04-18 17:21:10,977 [ERROR] LogOutputStream:75 - [STDERR_REDIRECT] [Fatal Error] :1:1: Premature end of file.
2026-04-18 17:21:10,977 [ERROR] LogOutputStream:75 - [STDERR_REDIRECT] 
2026-04-18 17:21:11,975 [ERROR] LogOutputStream:75 - [STDERR_REDIRECT] [Fatal Error] :1:1: Premature end of file.
2026-04-18 17:21:11,975 [ERROR] LogOutputStream:75 - [STDERR_REDIRECT] 
2026-04-18 17:21:12,974 [ERROR] LogOutputStream:75 - [STDERR_REDIRECT] [Fatal Error] :1:1: Premature end of file.
2026-04-18 17:21:12,974 [ERROR] LogOutputStream:75 - [STDERR_REDIRECT] 
2026-04-18 17:21:13,974 [ERROR] LogOutputStream:75 - [STDERR_REDIRECT] [Fatal Error] :1:1: Premature end of file.
2026-04-18 17:21:13,975 [ERROR] LogOutputStream:75 - [STDERR_REDIRECT] 
2026-04-18 17:21:14,976 [ERROR] LogOutputStream:75 - [STDERR_REDIRECT] [Fatal Error] :1:1: Premature end of file.
2026-04-18 17:21:14,976 [ERROR] LogOutputStream:75 - [STDERR_REDIRECT] 
2026-04-18 17:21:15,977 [ERROR] LogOutputStream:75 - [STDERR_REDIRECT] [Fatal Error] :1:1: Premature end of file.
2026-04-18 17:21:15,977 [ERROR] LogOutputStream:75 - [STDERR_REDIRECT] 
2026-04-18 17:21:16,973 [ERROR] LogOutputStream:75 - [STDERR_REDIRECT] [Fatal Error] :1:1: Premature end of file.
2026-04-18 17:21:16,973 [ERROR] LogOutputStream:75 - [STDERR_REDIRECT] 
2026-04-18 17:21:17,978 [ERROR] LogOutputStream:75 - [STDERR_REDIRECT] [Fatal Error] :1:1: Premature end of file.
2026-04-18 17:21:17,978 [ERROR] LogOutputStream:75 - [STDERR_REDIRECT] 
2026-04-18 17:21:18,974 [ERROR] LogOutputStream:75 - [STDERR_REDIRECT] [Fatal Error] :1:1: Premature end of file.
2026-04-18 17:21:18,975 [ERROR] LogOutputStream:75 - [STDERR_REDIRECT] 
2026-04-18 17:21:19,977 [ERROR] LogOutputStream:75 - [STDERR_REDIRECT] [Fatal Error] :1:1: Premature end of file.
2026-04-18 17:21:19,977 [ERROR] LogOutputStream:75 - [STDERR_REDIRECT] 
2026-04-18 17:21:20,977 [ERROR] LogOutputStream:75 - [STDERR_REDIRECT] [Fatal Error] :1:1: Premature end of file.
2026-04-18 17:21:20,977 [ERROR] LogOutputStream:75 - [STDERR_REDIRECT] 
2026-04-18 17:21:21,977 [ERROR] LogOutputStream:75 - [STDERR_REDIRECT] [Fatal Error] :1:1: Premature end of file.
2026-04-18 17:21:21,977 [ERROR] LogOutputStream:75 - [STDERR_REDIRECT] 
2026-04-18 17:21:22,976 [ERROR] LogOutputStream:75 - [STDERR_REDIRECT] [Fatal Error] :1:1: Premature end of file.
2026-04-18 17:21:22,976 [ERROR] LogOutputStream:75 - [STDERR_REDIRECT] 
2026-04-18 17:21:23,980 [ERROR] LogOutputStream:75 - [STDERR_REDIRECT] [Fatal Error] :1:1: Premature end of file.
2026-04-18 17:21:23,980 [ERROR] LogOutputStream:75 - [STDERR_REDIRECT] 
2026-04-18 17:21:24,980 [ERROR] LogOutputStream:75 - [STDERR_REDIRECT] [Fatal Error] :1:1: Premature end of file.
2026-04-18 17:21:24,980 [ERROR] LogOutputStream:75 - [STDERR_REDIRECT] 
2026-04-18 17:21:25,977 [ERROR] LogOutputStream:75 - [STDERR_REDIRECT] [Fatal Error] :1:1: Premature end of file.
2026-04-18 17:21:25,977 [ERROR] LogOutputStream:75 - [STDERR_REDIRECT] 
2026-04-18 17:21:26,971 [ERROR] LogOutputStream:75 - [STDERR_REDIRECT] [Fatal Error] :1:1: Premature end of file.
2026-04-18 17:21:26,971 [ERROR] LogOutputStream:75 - [STDERR_REDIRECT] 
2026-04-18 17:21:27,976 [ERROR] LogOutputStream:75 - [STDERR_REDIRECT] [Fatal Error] :1:1: Premature end of file.
2026-04-18 17:21:27,976 [ERROR] LogOutputStream:75 - [STDERR_REDIRECT] 
2026-04-18 17:21:28,976 [ERROR] LogOutputStream:75 - [STDERR_REDIRECT] [Fatal Error] :1:1: Premature end of file.
2026-04-18 17:21:28,976 [ERROR] LogOutputStream:75 - [STDERR_REDIRECT] 
2026-04-18 17:21:29,976 [ERROR] LogOutputStream:75 - [STDERR_REDIRECT] [Fatal Error] :1:1: Premature end of file.
2026-04-18 17:21:29,976 [ERROR] LogOutputStream:75 - [STDERR_REDIRECT] 
2026-04-18 17:21:30,990 [ERROR] LogOutputStream:75 - [STDERR_REDIRECT] [Fatal Error] :1:1: Premature end of file.
2026-04-18 17:21:30,990 [ERROR] LogOutputStream:75 - [STDERR_REDIRECT] 
2026-04-18 17:21:31,975 [ERROR] LogOutputStream:75 - [STDERR_REDIRECT] [Fatal Error] :1:1: Premature end of file.
2026-04-18 17:21:31,975 [ERROR] LogOutputStream:75 - [STDERR_REDIRECT] 
2026-04-18 17:21:32,976 [ERROR] LogOutputStream:75 - [STDERR_REDIRECT] [Fatal Error] :1:1: Premature end of file.
2026-04-18 17:21:32,976 [ERROR] LogOutputStream:75 - [STDERR_REDIRECT] 
2026-04-18 17:21:33,976 [ERROR] LogOutputStream:75 - [STDERR_REDIRECT] [Fatal Error] :1:1: Premature end of file.
2026-04-18 17:21:33,976 [ERROR] LogOutputStream:75 - [STDERR_REDIRECT] 
2026-04-18 17:21:34,976 [ERROR] LogOutputStream:75 - [STDERR_REDIRECT] [Fatal Error] :1:1: Premature end of file.
2026-04-18 17:21:34,977 [ERROR] LogOutputStream:75 - [STDERR_REDIRECT] 
2026-04-18 17:21:35,979 [ERROR] LogOutputStream:75 - [STDERR_REDIRECT] [Fatal Error] :1:1: Premature end of file.
2026-04-18 17:21:35,979 [ERROR] LogOutputStream:75 - [STDERR_REDIRECT] 
2026-04-18 17:21:36,976 [ERROR] LogOutputStream:75 - [STDERR_REDIRECT] [Fatal Error] :1:1: Premature end of file.
2026-04-18 17:21:36,976 [ERROR] LogOutputStream:75 - [STDERR_REDIRECT] 
2026-04-18 17:21:37,975 [ERROR] LogOutputStream:75 - [STDERR_REDIRECT] [Fatal Error] :1:1: Premature end of file.
2026-04-18 17:21:37,975 [ERROR] LogOutputStream:75 - [STDERR_REDIRECT] 
2026-04-18 17:21:38,977 [ERROR] LogOutputStream:75 - [STDERR_REDIRECT] [Fatal Error] :1:1: Premature end of file.
2026-04-18 17:21:38,977 [ERROR] LogOutputStream:75 - [STDERR_REDIRECT] 
2026-04-18 17:21:39,975 [ERROR] LogOutputStream:75 - [STDERR_REDIRECT] [Fatal Error] :1:1: Premature end of file.
2026-04-18 17:21:39,975 [ERROR] LogOutputStream:75 - [STDERR_REDIRECT] 
2026-04-18 17:21:40,981 [ERROR] LogOutputStream:75 - [STDERR_REDIRECT] [Fatal Error] :1:1: Premature end of file.
2026-04-18 17:21:40,981 [ERROR] LogOutputStream:75 - [STDERR_REDIRECT] 
2026-04-18 17:21:41,975 [ERROR] LogOutputStream:75 - [STDERR_REDIRECT] [Fatal Error] :1:1: Premature end of file.
2026-04-18 17:21:41,975 [ERROR] LogOutputStream:75 - [STDERR_REDIRECT] 
2026-04-18 17:21:42,976 [ERROR] LogOutputStream:75 - [STDERR_REDIRECT] [Fatal Error] :1:1: Premature end of file.
2026-04-18 17:21:42,976 [ERROR] LogOutputStream:75 - [STDERR_REDIRECT] 
2026-04-18 17:21:43,977 [ERROR] LogOutputStream:75 - [STDERR_REDIRECT] [Fatal Error] :1:1: Premature end of file.
2026-04-18 17:21:43,977 [ERROR] LogOutputStream:75 - [STDERR_REDIRECT] 
2026-04-18 17:21:44,979 [ERROR] LogOutputStream:75 - [STDERR_REDIRECT] [Fatal Error] :1:1: Premature end of file.
2026-04-18 17:21:44,979 [ERROR] LogOutputStream:75 - [STDERR_REDIRECT] 
2026-04-18 17:21:45,977 [ERROR] LogOutputStream:75 - [STDERR_REDIRECT] [Fatal Error] :1:1: Premature end of file.
2026-04-18 17:21:45,977 [ERROR] LogOutputStream:75 - [STDERR_REDIRECT] 
2026-04-18 17:21:46,976 [ERROR] LogOutputStream:75 - [STDERR_REDIRECT] [Fatal Error] :1:1: Premature end of file.
2026-04-18 17:21:46,976 [ERROR] LogOutputStream:75 - [STDERR_REDIRECT] 
2026-04-18 17:21:47,976 [ERROR] LogOutputStream:75 - [STDERR_REDIRECT] [Fatal Error] :1:1: Premature end of file.
2026-04-18 17:21:47,976 [ERROR] LogOutputStream:75 - [STDERR_REDIRECT] 
2026-04-18 17:21:48,976 [ERROR] LogOutputStream:75 - [STDERR_REDIRECT] [Fatal Error] :1:1: Premature end of file.
2026-04-18 17:21:48,976 [ERROR] LogOutputStream:75 - [STDERR_REDIRECT] 
2026-04-18 17:21:49,976 [ERROR] LogOutputStream:75 - [STDERR_REDIRECT] [Fatal Error] :1:1: Premature end of file.
2026-04-18 17:21:49,976 [ERROR] LogOutputStream:75 - [STDERR_REDIRECT] 
2026-04-18 17:21:50,976 [ERROR] LogOutputStream:75 - [STDERR_REDIRECT] [Fatal Error] :1:1: Premature end of file.
2026-04-18 17:21:50,976 [ERROR] LogOutputStream:75 - [STDERR_REDIRECT] 
2026-04-18 17:21:51,979 [ERROR] LogOutputStream:75 - [STDERR_REDIRECT] [Fatal Error] :1:1: Premature end of file.
2026-04-18 17:21:51,979 [ERROR] LogOutputStream:75 - [STDERR_REDIRECT] 
2026-04-18 17:21:52,975 [ERROR] LogOutputStream:75 - [STDERR_REDIRECT] [Fatal Error] :1:1: Premature end of file.
2026-04-18 17:21:52,975 [ERROR] LogOutputStream:75 - [STDERR_REDIRECT] 
2026-04-18 17:21:53,977 [ERROR] LogOutputStream:75 - [STDERR_REDIRECT] [Fatal Error] :1:1: Premature end of file.
2026-04-18 17:21:53,978 [ERROR] LogOutputStream:75 - [STDERR_REDIRECT] 
2026-04-18 17:21:54,975 [ERROR] LogOutputStream:75 - [STDERR_REDIRECT] [Fatal Error] :1:1: Premature end of file.
2026-04-18 17:21:54,975 [ERROR] LogOutputStream:75 - [STDERR_REDIRECT] 
2026-04-18 17:21:55,976 [ERROR] LogOutputStream:75 - [STDERR_REDIRECT] [Fatal Error] :1:1: Premature end of file.
2026-04-18 17:21:55,976 [ERROR] LogOutputStream:75 - [STDERR_REDIRECT] 
2026-04-18 17:21:56,977 [ERROR] LogOutputStream:75 - [STDERR_REDIRECT] [Fatal Error] :1:1: Premature end of file.
2026-04-18 17:21:56,977 [ERROR] LogOutputStream:75 - [STDERR_REDIRECT] 
2026-04-18 17:21:57,978 [ERROR] LogOutputStream:75 - [STDERR_REDIRECT] [Fatal Error] :1:1: Premature end of file.
2026-04-18 17:21:57,978 [ERROR] LogOutputStream:75 - [STDERR_REDIRECT] 
2026-04-18 17:21:58,977 [ERROR] LogOutputStream:75 - [STDERR_REDIRECT] [Fatal Error] :1:1: Premature end of file.
2026-04-18 17:21:58,977 [ERROR] LogOutputStream:75 - [STDERR_REDIRECT] 
2026-04-18 17:21:59,976 [ERROR] LogOutputStream:75 - [STDERR_REDIRECT] [Fatal Error] :1:1: Premature end of file.
2026-04-18 17:21:59,976 [ERROR] LogOutputStream:75 - [STDERR_REDIRECT] 
2026-04-18 17:22:00,977 [ERROR] LogOutputStream:75 - [STDERR_REDIRECT] [Fatal Error] :1:1: Premature end of file.
2026-04-18 17:22:00,977 [ERROR] LogOutputStream:75 - [STDERR_REDIRECT] 
2026-04-18 17:22:01,976 [ERROR] LogOutputStream:75 - [STDERR_REDIRECT] [Fatal Error] :1:1: Premature end of file.
2026-04-18 17:22:01,976 [ERROR] LogOutputStream:75 - [STDERR_REDIRECT] 
2026-04-18 17:22:02,975 [ERROR] LogOutputStream:75 - [STDERR_REDIRECT] [Fatal Error] :1:1: Premature end of file.
2026-04-18 17:22:02,975 [ERROR] LogOutputStream:75 - [STDERR_REDIRECT] 
2026-04-18 17:22:03,975 [ERROR] LogOutputStream:75 - [STDERR_REDIRECT] [Fatal Error] :1:1: Premature end of file.
2026-04-18 17:22:03,975 [ERROR] LogOutputStream:75 - [STDERR_REDIRECT] 
2026-04-18 17:22:04,980 [ERROR] LogOutputStream:75 - [STDERR_REDIRECT] [Fatal Error] :1:1: Premature end of file.
2026-04-18 17:22:04,980 [ERROR] LogOutputStream:75 - [STDERR_REDIRECT] 
2026-04-18 17:22:05,976 [ERROR] LogOutputStream:75 - [STDERR_REDIRECT] [Fatal Error] :1:1: Premature end of file.
2026-04-18 17:22:05,976 [ERROR] LogOutputStream:75 - [STDERR_REDIRECT] 
2026-04-18 17:22:06,978 [ERROR] LogOutputStream:75 - [STDERR_REDIRECT] [Fatal Error] :1:1: Premature end of file.
2026-04-18 17:22:06,978 [ERROR] LogOutputStream:75 - [STDERR_REDIRECT] 
2026-04-18 17:22:07,975 [ERROR] LogOutputStream:75 - [STDERR_REDIRECT] [Fatal Error] :1:1: Premature end of file.
2026-04-18 17:22:07,975 [ERROR] LogOutputStream:75 - [STDERR_REDIRECT] 
2026-04-18 17:22:08,976 [ERROR] LogOutputStream:75 - [STDERR_REDIRECT] [Fatal Error] :1:1: Premature end of file.
2026-04-18 17:22:08,976 [ERROR] LogOutputStream:75 - [STDERR_REDIRECT] 
2026-04-18 17:22:09,977 [ERROR] LogOutputStream:75 - [STDERR_REDIRECT] [Fatal Error] :1:1: Premature end of file.
2026-04-18 17:22:09,977 [ERROR] LogOutputStream:75 - [STDERR_REDIRECT] 
2026-04-18 17:22:10,977 [ERROR] LogOutputStream:75 - [STDERR_REDIRECT] [Fatal Error] :1:1: Premature end of file.
2026-04-18 17:22:10,977 [ERROR] LogOutputStream:75 - [STDERR_REDIRECT] 
2026-04-18 17:22:11,978 [ERROR] LogOutputStream:75 - [STDERR_REDIRECT] [Fatal Error] :1:1: Premature end of file.
2026-04-18 17:22:11,978 [ERROR] LogOutputStream:75 - [STDERR_REDIRECT] 
2026-04-18 17:22:12,977 [ERROR] LogOutputStream:75 - [STDERR_REDIRECT] [Fatal Error] :1:1: Premature end of file.
2026-04-18 17:22:12,977 [ERROR] LogOutputStream:75 - [STDERR_REDIRECT] 
2026-04-18 17:22:13,978 [ERROR] LogOutputStream:75 - [STDERR_REDIRECT] [Fatal Error] :1:1: Premature end of file.
2026-04-18 17:22:13,978 [ERROR] LogOutputStream:75 - [STDERR_REDIRECT] 
2026-04-18 17:22:14,974 [ERROR] LogOutputStream:75 - [STDERR_REDIRECT] [Fatal Error] :1:1: Premature end of file.
2026-04-18 17:22:14,974 [ERROR] LogOutputStream:75 - [STDERR_REDIRECT] 
2026-04-18 17:22:15,974 [ERROR] LogOutputStream:75 - [STDERR_REDIRECT] [Fatal Error] :1:1: Premature end of file.
2026-04-18 17:22:15,974 [ERROR] LogOutputStream:75 - [STDERR_REDIRECT] 
2026-04-18 17:22:16,979 [ERROR] LogOutputStream:75 - [STDERR_REDIRECT] [Fatal Error] :1:1: Premature end of file.
2026-04-18 17:22:16,979 [ERROR] LogOutputStream:75 - [STDERR_REDIRECT] 
2026-04-18 17:22:17,980 [ERROR] LogOutputStream:75 - [STDERR_REDIRECT] [Fatal Error] :1:1: Premature end of file.
2026-04-18 17:22:17,981 [ERROR] LogOutputStream:75 - [STDERR_REDIRECT] 
2026-04-18 17:22:18,977 [ERROR] LogOutputStream:75 - [STDERR_REDIRECT] [Fatal Error] :1:1: Premature end of file.
2026-04-18 17:22:18,977 [ERROR] LogOutputStream:75 - [STDERR_REDIRECT] 
2026-04-18 17:22:19,975 [ERROR] LogOutputStream:75 - [STDERR_REDIRECT] [Fatal Error] :1:1: Premature end of file.
2026-04-18 17:22:19,975 [ERROR] LogOutputStream:75 - [STDERR_REDIRECT] 
2026-04-18 17:22:20,976 [ERROR] LogOutputStream:75 - [STDERR_REDIRECT] [Fatal Error] :1:1: Premature end of file.
2026-04-18 17:22:20,976 [ERROR] LogOutputStream:75 - [STDERR_REDIRECT] 
2026-04-18 17:22:21,975 [ERROR] LogOutputStream:75 - [STDERR_REDIRECT] [Fatal Error] :1:1: Premature end of file.
2026-04-18 17:22:21,975 [ERROR] LogOutputStream:75 - [STDERR_REDIRECT] 
2026-04-18 17:22:22,980 [ERROR] LogOutputStream:75 - [STDERR_REDIRECT] [Fatal Error] :1:1: Premature end of file.
2026-04-18 17:22:22,980 [ERROR] LogOutputStream:75 - [STDERR_REDIRECT] 
2026-04-18 17:22:23,977 [ERROR] LogOutputStream:75 - [STDERR_REDIRECT] [Fatal Error] :1:1: Premature end of file.
2026-04-18 17:22:23,977 [ERROR] LogOutputStream:75 - [STDERR_REDIRECT] 
2026-04-18 17:22:24,975 [ERROR] LogOutputStream:75 - [STDERR_REDIRECT] [Fatal Error] :1:1: Premature end of file.
2026-04-18 17:22:24,975 [ERROR] LogOutputStream:75 - [STDERR_REDIRECT] 
2026-04-18 17:22:25,980 [ERROR] LogOutputStream:75 - [STDERR_REDIRECT] [Fatal Error] :1:1: Premature end of file.
2026-04-18 17:22:25,980 [ERROR] LogOutputStream:75 - [STDERR_REDIRECT] 
2026-04-18 17:22:26,977 [ERROR] LogOutputStream:75 - [STDERR_REDIRECT] [Fatal Error] :1:1: Premature end of file.
2026-04-18 17:22:26,977 [ERROR] LogOutputStream:75 - [STDERR_REDIRECT] 
2026-04-18 17:22:27,977 [ERROR] LogOutputStream:75 - [STDERR_REDIRECT] [Fatal Error] :1:1: Premature end of file.
2026-04-18 17:22:27,977 [ERROR] LogOutputStream:75 - [STDERR_REDIRECT] 
2026-04-18 17:22:28,977 [ERROR] LogOutputStream:75 - [STDERR_REDIRECT] [Fatal Error] :1:1: Premature end of file.
2026-04-18 17:22:28,978 [ERROR] LogOutputStream:75 - [STDERR_REDIRECT] 
2026-04-18 17:22:29,975 [ERROR] LogOutputStream:75 - [STDERR_REDIRECT] [Fatal Error] :1:1: Premature end of file.
2026-04-18 17:22:29,975 [ERROR] LogOutputStream:75 - [STDERR_REDIRECT] 
2026-04-18 17:22:30,988 [ERROR] LogOutputStream:75 - [STDERR_REDIRECT] [Fatal Error] :1:1: Premature end of file.
2026-04-18 17:22:30,988 [ERROR] LogOutputStream:75 - [STDERR_REDIRECT] 
2026-04-18 17:22:31,978 [ERROR] LogOutputStream:75 - [STDERR_REDIRECT] [Fatal Error] :1:1: Premature end of file.
2026-04-18 17:22:31,978 [ERROR] LogOutputStream:75 - [STDERR_REDIRECT] 
2026-04-18 17:22:32,975 [ERROR] LogOutputStream:75 - [STDERR_REDIRECT] [Fatal Error] :1:1: Premature end of file.
2026-04-18 17:22:32,975 [ERROR] LogOutputStream:75 - [STDERR_REDIRECT] 
2026-04-18 17:22:33,977 [ERROR] LogOutputStream:75 - [STDERR_REDIRECT] [Fatal Error] :1:1: Premature end of file.
2026-04-18 17:22:33,977 [ERROR] LogOutputStream:75 - [STDERR_REDIRECT] 
2026-04-18 17:22:34,976 [ERROR] LogOutputStream:75 - [STDERR_REDIRECT] [Fatal Error] :1:1: Premature end of file.
2026-04-18 17:22:34,976 [ERROR] LogOutputStream:75 - [STDERR_REDIRECT] 
2026-04-18 17:22:35,974 [ERROR] LogOutputStream:75 - [STDERR_REDIRECT] [Fatal Error] :1:1: Premature end of file.
2026-04-18 17:22:35,974 [ERROR] LogOutputStream:75 - [STDERR_REDIRECT] 
2026-04-18 17:22:36,977 [ERROR] LogOutputStream:75 - [STDERR_REDIRECT] [Fatal Error] :1:1: Premature end of file.
2026-04-18 17:22:36,977 [ERROR] LogOutputStream:75 - [STDERR_REDIRECT] 
2026-04-18 17:22:37,977 [ERROR] LogOutputStream:75 - [STDERR_REDIRECT] [Fatal Error] :1:1: Premature end of file.
2026-04-18 17:22:37,977 [ERROR] LogOutputStream:75 - [STDERR_REDIRECT] 
2026-04-18 17:22:38,976 [ERROR] LogOutputStream:75 - [STDERR_REDIRECT] [Fatal Error] :1:1: Premature end of file.
2026-04-18 17:22:38,976 [ERROR] LogOutputStream:75 - [STDERR_REDIRECT] 
2026-04-18 17:22:39,976 [ERROR] LogOutputStream:75 - [STDERR_REDIRECT] [Fatal Error] :1:1: Premature end of file.
2026-04-18 17:22:39,977 [ERROR] LogOutputStream:75 - [STDERR_REDIRECT] 
2026-04-18 17:22:40,977 [ERROR] LogOutputStream:75 - [STDERR_REDIRECT] [Fatal Error] :1:1: Premature end of file.
2026-04-18 17:22:40,977 [ERROR] LogOutputStream:75 - [STDERR_REDIRECT] 
2026-04-18 17:22:41,977 [ERROR] LogOutputStream:75 - [STDERR_REDIRECT] [Fatal Error] :1:1: Premature end of file.
2026-04-18 17:22:41,977 [ERROR] LogOutputStream:75 - [STDERR_REDIRECT] 
2026-04-18 17:22:42,975 [ERROR] LogOutputStream:75 - [STDERR_REDIRECT] [Fatal Error] :1:1: Premature end of file.
2026-04-18 17:22:42,975 [ERROR] LogOutputStream:75 - [STDERR_REDIRECT] 
2026-04-18 17:22:43,978 [ERROR] LogOutputStream:75 - [STDERR_REDIRECT] [Fatal Error] :1:1: Premature end of file.
2026-04-18 17:22:43,978 [ERROR] LogOutputStream:75 - [STDERR_REDIRECT] 
2026-04-18 17:22:44,976 [ERROR] LogOutputStream:75 - [STDERR_REDIRECT] [Fatal Error] :1:1: Premature end of file.
2026-04-18 17:22:44,976 [ERROR] LogOutputStream:75 - [STDERR_REDIRECT] 
2026-04-18 17:22:45,976 [ERROR] LogOutputStream:75 - [STDERR_REDIRECT] [Fatal Error] :1:1: Premature end of file.
2026-04-18 17:22:45,976 [ERROR] LogOutputStream:75 - [STDERR_REDIRECT] 
2026-04-18 17:22:46,978 [ERROR] LogOutputStream:75 - [STDERR_REDIRECT] [Fatal Error] :1:1: Premature end of file.
2026-04-18 17:22:46,978 [ERROR] LogOutputStream:75 - [STDERR_REDIRECT] 
2026-04-18 17:22:47,978 [ERROR] LogOutputStream:75 - [STDERR_REDIRECT] [Fatal Error] :1:1: Premature end of file.
2026-04-18 17:22:47,978 [ERROR] LogOutputStream:75 - [STDERR_REDIRECT] 
2026-04-18 17:22:48,974 [ERROR] LogOutputStream:75 - [STDERR_REDIRECT] [Fatal Error] :1:1: Premature end of file.
2026-04-18 17:22:48,974 [ERROR] LogOutputStream:75 - [STDERR_REDIRECT] 
2026-04-18 17:22:49,976 [ERROR] LogOutputStream:75 - [STDERR_REDIRECT] [Fatal Error] :1:1: Premature end of file.
2026-04-18 17:22:49,976 [ERROR] LogOutputStream:75 - [STDERR_REDIRECT] 
2026-04-18 17:22:50,980 [ERROR] LogOutputStream:75 - [STDERR_REDIRECT] [Fatal Error] :1:1: Premature end of file.
2026-04-18 17:22:50,980 [ERROR] LogOutputStream:75 - [STDERR_REDIRECT] 
2026-04-18 17:22:51,977 [ERROR] LogOutputStream:75 - [STDERR_REDIRECT] [Fatal Error] :1:1: Premature end of file.
2026-04-18 17:22:51,977 [ERROR] LogOutputStream:75 - [STDERR_REDIRECT] 
2026-04-18 17:22:52,976 [ERROR] LogOutputStream:75 - [STDERR_REDIRECT] [Fatal Error] :1:1: Premature end of file.
2026-04-18 17:22:52,976 [ERROR] LogOutputStream:75 - [STDERR_REDIRECT] 
2026-04-18 17:22:53,982 [ERROR] LogOutputStream:75 - [STDERR_REDIRECT] [Fatal Error] :1:1: Premature end of file.
2026-04-18 17:22:53,982 [ERROR] LogOutputStream:75 - [STDERR_REDIRECT] 
2026-04-18 17:22:54,978 [ERROR] LogOutputStream:75 - [STDERR_REDIRECT] [Fatal Error] :1:1: Premature end of file.
2026-04-18 17:22:54,979 [ERROR] LogOutputStream:75 - [STDERR_REDIRECT] 
2026-04-18 17:22:55,975 [ERROR] LogOutputStream:75 - [STDERR_REDIRECT] [Fatal Error] :1:1: Premature end of file.
2026-04-18 17:22:55,975 [ERROR] LogOutputStream:75 - [STDERR_REDIRECT] 
2026-04-18 17:22:56,971 [ERROR] LogOutputStream:75 - [STDERR_REDIRECT] [Fatal Error] :1:1: Premature end of file.
2026-04-18 17:22:56,971 [ERROR] LogOutputStream:75 - [STDERR_REDIRECT] 
2026-04-18 17:22:57,977 [ERROR] LogOutputStream:75 - [STDERR_REDIRECT] [Fatal Error] :1:1: Premature end of file.
2026-04-18 17:22:57,977 [ERROR] LogOutputStream:75 - [STDERR_REDIRECT] 
2026-04-18 17:22:58,977 [ERROR] LogOutputStream:75 - [STDERR_REDIRECT] [Fatal Error] :1:1: Premature end of file.
2026-04-18 17:22:58,977 [ERROR] LogOutputStream:75 - [STDERR_REDIRECT] 
2026-04-18 17:22:59,978 [ERROR] LogOutputStream:75 - [STDERR_REDIRECT] [Fatal Error] :1:1: Premature end of file.
2026-04-18 17:22:59,978 [ERROR] LogOutputStream:75 - [STDERR_REDIRECT] 
2026-04-18 17:23:00,977 [ERROR] LogOutputStream:75 - [STDERR_REDIRECT] [Fatal Error] :1:1: Premature end of file.
2026-04-18 17:23:00,977 [ERROR] LogOutputStream:75 - [STDERR_REDIRECT] 
2026-04-18 17:23:01,975 [ERROR] LogOutputStream:75 - [STDERR_REDIRECT] [Fatal Error] :1:1: Premature end of file.
2026-04-18 17:23:01,975 [ERROR] LogOutputStream:75 - [STDERR_REDIRECT] 
2026-04-18 17:23:02,976 [ERROR] LogOutputStream:75 - [STDERR_REDIRECT] [Fatal Error] :1:1: Premature end of file.
2026-04-18 17:23:02,976 [ERROR] LogOutputStream:75 - [STDERR_REDIRECT] 
2026-04-18 17:23:03,977 [ERROR] LogOutputStream:75 - [STDERR_REDIRECT] [Fatal Error] :1:1: Premature end of file.
2026-04-18 17:23:03,977 [ERROR] LogOutputStream:75 - [STDERR_REDIRECT] 
2026-04-18 17:23:04,974 [ERROR] LogOutputStream:75 - [STDERR_REDIRECT] [Fatal Error] :1:1: Premature end of file.
2026-04-18 17:23:04,974 [ERROR] LogOutputStream:75 - [STDERR_REDIRECT] 
2026-04-18 17:23:05,976 [ERROR] LogOutputStream:75 - [STDERR_REDIRECT] [Fatal Error] :1:1: Premature end of file.
2026-04-18 17:23:05,976 [ERROR] LogOutputStream:75 - [STDERR_REDIRECT] 
2026-04-18 17:23:06,979 [ERROR] LogOutputStream:75 - [STDERR_REDIRECT] [Fatal Error] :1:1: Premature end of file.
2026-04-18 17:23:06,980 [ERROR] LogOutputStream:75 - [STDERR_REDIRECT] 
2026-04-18 17:23:07,977 [ERROR] LogOutputStream:75 - [STDERR_REDIRECT] [Fatal Error] :1:1: Premature end of file.
2026-04-18 17:23:07,978 [ERROR] LogOutputStream:75 - [STDERR_REDIRECT] 
2026-04-18 17:23:08,977 [ERROR] LogOutputStream:75 - [STDERR_REDIRECT] [Fatal Error] :1:1: Premature end of file.
2026-04-18 17:23:08,978 [ERROR] LogOutputStream:75 - [STDERR_REDIRECT] 
2026-04-18 17:23:09,978 [ERROR] LogOutputStream:75 - [STDERR_REDIRECT] [Fatal Error] :1:1: Premature end of file.
2026-04-18 17:23:09,978 [ERROR] LogOutputStream:75 - [STDERR_REDIRECT] 
2026-04-18 17:23:10,976 [ERROR] LogOutputStream:75 - [STDERR_REDIRECT] [Fatal Error] :1:1: Premature end of file.
2026-04-18 17:23:10,976 [ERROR] LogOutputStream:75 - [STDERR_REDIRECT] 
2026-04-18 17:23:11,977 [ERROR] LogOutputStream:75 - [STDERR_REDIRECT] [Fatal Error] :1:1: Premature end of file.
2026-04-18 17:23:11,977 [ERROR] LogOutputStream:75 - [STDERR_REDIRECT] 
2026-04-18 17:23:12,974 [ERROR] LogOutputStream:75 - [STDERR_REDIRECT] [Fatal Error] :1:1: Premature end of file.
2026-04-18 17:23:12,975 [ERROR] LogOutputStream:75 - [STDERR_REDIRECT] 
2026-04-18 17:23:13,979 [ERROR] LogOutputStream:75 - [STDERR_REDIRECT] [Fatal Error] :1:1: Premature end of file.
2026-04-18 17:23:13,979 [ERROR] LogOutputStream:75 - [STDERR_REDIRECT] 
2026-04-18 17:23:14,975 [ERROR] LogOutputStream:75 - [STDERR_REDIRECT] [Fatal Error] :1:1: Premature end of file.
2026-04-18 17:23:14,975 [ERROR] LogOutputStream:75 - [STDERR_REDIRECT] 
2026-04-18 17:23:15,977 [ERROR] LogOutputStream:75 - [STDERR_REDIRECT] [Fatal Error] :1:1: Premature end of file.
2026-04-18 17:23:15,977 [ERROR] LogOutputStream:75 - [STDERR_REDIRECT] 
2026-04-18 17:23:16,983 [ERROR] LogOutputStream:75 - [STDERR_REDIRECT] [Fatal Error] :1:1: Premature end of file.
2026-04-18 17:23:16,983 [ERROR] LogOutputStream:75 - [STDERR_REDIRECT] 
2026-04-18 17:23:17,978 [ERROR] LogOutputStream:75 - [STDERR_REDIRECT] [Fatal Error] :1:1: Premature end of file.
2026-04-18 17:23:17,978 [ERROR] LogOutputStream:75 - [STDERR_REDIRECT] 
2026-04-18 17:23:18,981 [ERROR] LogOutputStream:75 - [STDERR_REDIRECT] [Fatal Error] :1:1: Premature end of file.
2026-04-18 17:23:18,981 [ERROR] LogOutputStream:75 - [STDERR_REDIRECT] 
2026-04-18 17:23:19,975 [ERROR] LogOutputStream:75 - [STDERR_REDIRECT] [Fatal Error] :1:1: Premature end of file.
2026-04-18 17:23:19,975 [ERROR] LogOutputStream:75 - [STDERR_REDIRECT] 
2026-04-18 17:23:20,976 [ERROR] LogOutputStream:75 - [STDERR_REDIRECT] [Fatal Error] :1:1: Premature end of file.
2026-04-18 17:23:20,976 [ERROR] LogOutputStream:75 - [STDERR_REDIRECT] 
2026-04-18 17:23:21,977 [ERROR] LogOutputStream:75 - [STDERR_REDIRECT] [Fatal Error] :1:1: Premature end of file.
2026-04-18 17:23:21,977 [ERROR] LogOutputStream:75 - [STDERR_REDIRECT] 
2026-04-18 17:23:22,977 [ERROR] LogOutputStream:75 - [STDERR_REDIRECT] [Fatal Error] :1:1: Premature end of file.
2026-04-18 17:23:22,977 [ERROR] LogOutputStream:75 - [STDERR_REDIRECT] 
2026-04-18 17:23:23,976 [ERROR] LogOutputStream:75 - [STDERR_REDIRECT] [Fatal Error] :1:1: Premature end of file.
2026-04-18 17:23:23,976 [ERROR] LogOutputStream:75 - [STDERR_REDIRECT] 
2026-04-18 17:23:24,974 [ERROR] LogOutputStream:75 - [STDERR_REDIRECT] [Fatal Error] :1:1: Premature end of file.
2026-04-18 17:23:24,974 [ERROR] LogOutputStream:75 - [STDERR_REDIRECT] 
2026-04-18 17:23:25,977 [ERROR] LogOutputStream:75 - [STDERR_REDIRECT] [Fatal Error] :1:1: Premature end of file.
2026-04-18 17:23:25,977 [ERROR] LogOutputStream:75 - [STDERR_REDIRECT] 
2026-04-18 17:23:26,976 [ERROR] LogOutputStream:75 - [STDERR_REDIRECT] [Fatal Error] :1:1: Premature end of file.
2026-04-18 17:23:26,976 [ERROR] LogOutputStream:75 - [STDERR_REDIRECT] 
2026-04-18 17:23:27,976 [ERROR] LogOutputStream:75 - [STDERR_REDIRECT] [Fatal Error] :1:1: Premature end of file.
2026-04-18 17:23:27,976 [ERROR] LogOutputStream:75 - [STDERR_REDIRECT] 
2026-04-18 17:23:28,977 [ERROR] LogOutputStream:75 - [STDERR_REDIRECT] [Fatal Error] :1:1: Premature end of file.
2026-04-18 17:23:28,977 [ERROR] LogOutputStream:75 - [STDERR_REDIRECT] 
2026-04-18 17:23:29,979 [ERROR] LogOutputStream:75 - [STDERR_REDIRECT] [Fatal Error] :1:1: Premature end of file.
2026-04-18 17:23:29,979 [ERROR] LogOutputStream:75 - [STDERR_REDIRECT] 
2026-04-18 17:23:30,975 [ERROR] LogOutputStream:75 - [STDERR_REDIRECT] [Fatal Error] :1:1: Premature end of file.
2026-04-18 17:23:30,975 [ERROR] LogOutputStream:75 - [STDERR_REDIRECT] 
2026-04-18 17:23:31,976 [ERROR] LogOutputStream:75 - [STDERR_REDIRECT] [Fatal Error] :1:1: Premature end of file.
2026-04-18 17:23:31,976 [ERROR] LogOutputStream:75 - [STDERR_REDIRECT] 
2026-04-18 17:23:32,975 [ERROR] LogOutputStream:75 - [STDERR_REDIRECT] [Fatal Error] :1:1: Premature end of file.
2026-04-18 17:23:32,975 [ERROR] LogOutputStream:75 - [STDERR_REDIRECT] 
2026-04-18 17:23:33,977 [ERROR] LogOutputStream:75 - [STDERR_REDIRECT] [Fatal Error] :1:1: Premature end of file.
2026-04-18 17:23:33,977 [ERROR] LogOutputStream:75 - [STDERR_REDIRECT] 
2026-04-18 17:23:34,983 [ERROR] LogOutputStream:75 - [STDERR_REDIRECT] [Fatal Error] :1:1: Premature end of file.
2026-04-18 17:23:34,983 [ERROR] LogOutputStream:75 - [STDERR_REDIRECT] 
2026-04-18 17:23:35,978 [ERROR] LogOutputStream:75 - [STDERR_REDIRECT] [Fatal Error] :1:1: Premature end of file.
2026-04-18 17:23:35,978 [ERROR] LogOutputStream:75 - [STDERR_REDIRECT] 
2026-04-18 17:23:36,980 [ERROR] LogOutputStream:75 - [STDERR_REDIRECT] [Fatal Error] :1:1: Premature end of file.
2026-04-18 17:23:36,980 [ERROR] LogOutputStream:75 - [STDERR_REDIRECT] 
2026-04-18 17:23:37,975 [ERROR] LogOutputStream:75 - [STDERR_REDIRECT] [Fatal Error] :1:1: Premature end of file.
2026-04-18 17:23:37,975 [ERROR] LogOutputStream:75 - [STDERR_REDIRECT] 
2026-04-18 17:23:38,977 [ERROR] LogOutputStream:75 - [STDERR_REDIRECT] [Fatal Error] :1:1: Premature end of file.
2026-04-18 17:23:38,977 [ERROR] LogOutputStream:75 - [STDERR_REDIRECT] 
2026-04-18 17:23:39,975 [ERROR] LogOutputStream:75 - [STDERR_REDIRECT] [Fatal Error] :1:1: Premature end of file.
2026-04-18 17:23:39,975 [ERROR] LogOutputStream:75 - [STDERR_REDIRECT] 
2026-04-18 17:23:40,976 [ERROR] LogOutputStream:75 - [STDERR_REDIRECT] [Fatal Error] :1:1: Premature end of file.
2026-04-18 17:23:40,976 [ERROR] LogOutputStream:75 - [STDERR_REDIRECT] 
2026-04-18 17:23:41,973 [ERROR] LogOutputStream:75 - [STDERR_REDIRECT] [Fatal Error] :1:1: Premature end of file.
2026-04-18 17:23:41,973 [ERROR] LogOutputStream:75 - [STDERR_REDIRECT] 
2026-04-18 17:23:42,976 [ERROR] LogOutputStream:75 - [STDERR_REDIRECT] [Fatal Error] :1:1: Premature end of file.
2026-04-18 17:23:42,976 [ERROR] LogOutputStream:75 - [STDERR_REDIRECT] 
2026-04-18 17:23:43,979 [ERROR] LogOutputStream:75 - [STDERR_REDIRECT] [Fatal Error] :1:1: Premature end of file.
2026-04-18 17:23:43,979 [ERROR] LogOutputStream:75 - [STDERR_REDIRECT] 
2026-04-18 17:23:44,978 [ERROR] LogOutputStream:75 - [STDERR_REDIRECT] [Fatal Error] :1:1: Premature end of file.
2026-04-18 17:23:44,978 [ERROR] LogOutputStream:75 - [STDERR_REDIRECT] 
2026-04-18 17:23:45,976 [ERROR] LogOutputStream:75 - [STDERR_REDIRECT] [Fatal Error] :1:1: Premature end of file.
2026-04-18 17:23:45,976 [ERROR] LogOutputStream:75 - [STDERR_REDIRECT] 
2026-04-18 17:23:46,980 [ERROR] LogOutputStream:75 - [STDERR_REDIRECT] [Fatal Error] :1:1: Premature end of file.
2026-04-18 17:23:46,980 [ERROR] LogOutputStream:75 - [STDERR_REDIRECT] 
2026-04-18 17:23:47,977 [ERROR] LogOutputStream:75 - [STDERR_REDIRECT] [Fatal Error] :1:1: Premature end of file.
2026-04-18 17:23:47,977 [ERROR] LogOutputStream:75 - [STDERR_REDIRECT] 
2026-04-18 17:23:48,977 [ERROR] LogOutputStream:75 - [STDERR_REDIRECT] [Fatal Error] :1:1: Premature end of file.
2026-04-18 17:23:48,977 [ERROR] LogOutputStream:75 - [STDERR_REDIRECT] 
2026-04-18 17:23:49,981 [ERROR] LogOutputStream:75 - [STDERR_REDIRECT] [Fatal Error] :1:1: Premature end of file.
2026-04-18 17:23:49,981 [ERROR] LogOutputStream:75 - [STDERR_REDIRECT] 
2026-04-18 17:23:50,975 [ERROR] LogOutputStream:75 - [STDERR_REDIRECT] [Fatal Error] :1:1: Premature end of file.
2026-04-18 17:23:50,975 [ERROR] LogOutputStream:75 - [STDERR_REDIRECT] 
2026-04-18 17:23:51,979 [ERROR] LogOutputStream:75 - [STDERR_REDIRECT] [Fatal Error] :1:1: Premature end of file.
2026-04-18 17:23:51,979 [ERROR] LogOutputStream:75 - [STDERR_REDIRECT] 
2026-04-18 17:23:52,976 [ERROR] LogOutputStream:75 - [STDERR_REDIRECT] [Fatal Error] :1:1: Premature end of file.
2026-04-18 17:23:52,981 [ERROR] LogOutputStream:75 - [STDERR_REDIRECT] 
2026-04-18 17:23:53,976 [ERROR] LogOutputStream:75 - [STDERR_REDIRECT] [Fatal Error] :1:1: Premature end of file.
2026-04-18 17:23:53,976 [ERROR] LogOutputStream:75 - [STDERR_REDIRECT] 
2026-04-18 17:23:54,975 [ERROR] LogOutputStream:75 - [STDERR_REDIRECT] [Fatal Error] :1:1: Premature end of file.
2026-04-18 17:23:54,975 [ERROR] LogOutputStream:75 - [STDERR_REDIRECT] 
2026-04-18 17:23:55,974 [ERROR] LogOutputStream:75 - [STDERR_REDIRECT] [Fatal Error] :1:1: Premature end of file.
2026-04-18 17:23:55,974 [ERROR] LogOutputStream:75 - [STDERR_REDIRECT] 
2026-04-18 17:23:56,975 [ERROR] LogOutputStream:75 - [STDERR_REDIRECT] [Fatal Error] :1:1: Premature end of file.
2026-04-18 17:23:56,976 [ERROR] LogOutputStream:75 - [STDERR_REDIRECT] 
2026-04-18 17:23:57,977 [ERROR] LogOutputStream:75 - [STDERR_REDIRECT] [Fatal Error] :1:1: Premature end of file.
2026-04-18 17:23:57,977 [ERROR] LogOutputStream:75 - [STDERR_REDIRECT] 
2026-04-18 17:23:58,974 [ERROR] LogOutputStream:75 - [STDERR_REDIRECT] [Fatal Error] :1:1: Premature end of file.
2026-04-18 17:23:58,974 [ERROR] LogOutputStream:75 - [STDERR_REDIRECT] 
2026-04-18 17:23:59,978 [ERROR] LogOutputStream:75 - [STDERR_REDIRECT] [Fatal Error] :1:1: Premature end of file.
2026-04-18 17:23:59,978 [ERROR] LogOutputStream:75 - [STDERR_REDIRECT] 
2026-04-18 17:24:00,978 [ERROR] LogOutputStream:75 - [STDERR_REDIRECT] [Fatal Error] :1:1: Premature end of file.
2026-04-18 17:24:00,978 [ERROR] LogOutputStream:75 - [STDERR_REDIRECT] 
2026-04-18 17:24:01,975 [ERROR] LogOutputStream:75 - [STDERR_REDIRECT] [Fatal Error] :1:1: Premature end of file.
2026-04-18 17:24:01,975 [ERROR] LogOutputStream:75 - [STDERR_REDIRECT] 
2026-04-18 17:24:02,976 [ERROR] LogOutputStream:75 - [STDERR_REDIRECT] [Fatal Error] :1:1: Premature end of file.
2026-04-18 17:24:02,976 [ERROR] LogOutputStream:75 - [STDERR_REDIRECT] 
2026-04-18 17:24:03,977 [ERROR] LogOutputStream:75 - [STDERR_REDIRECT] [Fatal Error] :1:1: Premature end of file.
2026-04-18 17:24:03,977 [ERROR] LogOutputStream:75 - [STDERR_REDIRECT] 
2026-04-18 17:24:04,972 [ERROR] LogOutputStream:75 - [STDERR_REDIRECT] [Fatal Error] :1:1: Premature end of file.
2026-04-18 17:24:04,972 [ERROR] LogOutputStream:75 - [STDERR_REDIRECT] 
2026-04-18 17:24:05,979 [ERROR] LogOutputStream:75 - [STDERR_REDIRECT] [Fatal Error] :1:1: Premature end of file.
2026-04-18 17:24:05,979 [ERROR] LogOutputStream:75 - [STDERR_REDIRECT] 
2026-04-18 17:24:06,974 [ERROR] LogOutputStream:75 - [STDERR_REDIRECT] [Fatal Error] :1:1: Premature end of file.
2026-04-18 17:24:06,974 [ERROR] LogOutputStream:75 - [STDERR_REDIRECT] 
2026-04-18 17:24:07,977 [ERROR] LogOutputStream:75 - [STDERR_REDIRECT] [Fatal Error] :1:1: Premature end of file.
2026-04-18 17:24:07,977 [ERROR] LogOutputStream:75 - [STDERR_REDIRECT] 
2026-04-18 17:24:08,979 [ERROR] LogOutputStream:75 - [STDERR_REDIRECT] [Fatal Error] :1:1: Premature end of file.
2026-04-18 17:24:08,979 [ERROR] LogOutputStream:75 - [STDERR_REDIRECT] 
2026-04-18 17:24:09,979 [ERROR] LogOutputStream:75 - [STDERR_REDIRECT] [Fatal Error] :1:1: Premature end of file.
2026-04-18 17:24:09,979 [ERROR] LogOutputStream:75 - [STDERR_REDIRECT] 
2026-04-18 17:24:10,976 [ERROR] LogOutputStream:75 - [STDERR_REDIRECT] [Fatal Error] :1:1: Premature end of file.
2026-04-18 17:24:10,976 [ERROR] LogOutputStream:75 - [STDERR_REDIRECT] 
2026-04-18 17:24:11,975 [ERROR] LogOutputStream:75 - [STDERR_REDIRECT] [Fatal Error] :1:1: Premature end of file.
2026-04-18 17:24:11,975 [ERROR] LogOutputStream:75 - [STDERR_REDIRECT] 
2026-04-18 17:24:12,974 [ERROR] LogOutputStream:75 - [STDERR_REDIRECT] [Fatal Error] :1:1: Premature end of file.
2026-04-18 17:24:12,975 [ERROR] LogOutputStream:75 - [STDERR_REDIRECT] 
2026-04-18 17:24:13,976 [ERROR] LogOutputStream:75 - [STDERR_REDIRECT] [Fatal Error] :1:1: Premature end of file.
2026-04-18 17:24:13,976 [ERROR] LogOutputStream:75 - [STDERR_REDIRECT] 
2026-04-18 17:24:14,972 [ERROR] LogOutputStream:75 - [STDERR_REDIRECT] [Fatal Error] :1:1: Premature end of file.
2026-04-18 17:24:14,972 [ERROR] LogOutputStream:75 - [STDERR_REDIRECT] 
2026-04-18 17:24:15,977 [ERROR] LogOutputStream:75 - [STDERR_REDIRECT] [Fatal Error] :1:1: Premature end of file.
2026-04-18 17:24:15,977 [ERROR] LogOutputStream:75 - [STDERR_REDIRECT] 
2026-04-18 17:24:16,977 [ERROR] LogOutputStream:75 - [STDERR_REDIRECT] [Fatal Error] :1:1: Premature end of file.
2026-04-18 17:24:16,977 [ERROR] LogOutputStream:75 - [STDERR_REDIRECT] 
2026-04-18 17:24:17,979 [ERROR] LogOutputStream:75 - [STDERR_REDIRECT] [Fatal Error] :1:1: Premature end of file.
2026-04-18 17:24:17,979 [ERROR] LogOutputStream:75 - [STDERR_REDIRECT] 
2026-04-18 17:24:18,978 [ERROR] LogOutputStream:75 - [STDERR_REDIRECT] [Fatal Error] :1:1: Premature end of file.
2026-04-18 17:24:18,978 [ERROR] LogOutputStream:75 - [STDERR_REDIRECT] 
2026-04-18 17:24:19,979 [ERROR] LogOutputStream:75 - [STDERR_REDIRECT] [Fatal Error] :1:1: Premature end of file.
2026-04-18 17:24:19,979 [ERROR] LogOutputStream:75 - [STDERR_REDIRECT] 
2026-04-18 17:24:20,976 [ERROR] LogOutputStream:75 - [STDERR_REDIRECT] [Fatal Error] :1:1: Premature end of file.
2026-04-18 17:24:20,976 [ERROR] LogOutputStream:75 - [STDERR_REDIRECT] 
2026-04-18 17:24:21,975 [ERROR] LogOutputStream:75 - [STDERR_REDIRECT] [Fatal Error] :1:1: Premature end of file.
2026-04-18 17:24:21,975 [ERROR] LogOutputStream:75 - [STDERR_REDIRECT] 
2026-04-18 17:24:22,974 [ERROR] LogOutputStream:75 - [STDERR_REDIRECT] [Fatal Error] :1:1: Premature end of file.
2026-04-18 17:24:22,974 [ERROR] LogOutputStream:75 - [STDERR_REDIRECT] 
2026-04-18 17:24:23,977 [ERROR] LogOutputStream:75 - [STDERR_REDIRECT] [Fatal Error] :1:1: Premature end of file.
2026-04-18 17:24:23,977 [ERROR] LogOutputStream:75 - [STDERR_REDIRECT] 
